Date,Close,Volume
2014-05-08,5.975717544555664,664277577
2014-05-09,5.750218391418457,139444039
2014-05-12,6.539464950561523,182452636
2014-05-14,8.287079811096191,468526050
2014-05-15,8.061582565307617,417082215
2014-05-16,7.779708385467529,190069831
2014-05-19,7.8360819816589355,119553447
2014-05-20,7.666959285736084,99524299
2014-05-21,7.892458438873291,86055231
2014-05-22,7.892458438873291,175982992
2014-05-23,7.892458438873291,117692036
2014-05-26,8.39983081817627,269611423
2014-05-27,8.456204414367676,219420698
2014-05-28,7.9488325119018555,146056057
2014-05-29,8.174331665039062,73884491
2014-05-30,8.174331665039062,84347347
2014-06-02,8.512579917907715,138753094
2014-06-03,9.301826477050781,287803297
2014-06-04,9.132699966430664,255269623
2014-06-05,9.019951820373535,138451541
2014-06-06,8.963577270507812,80204581
2014-06-09,9.132699966430664,134556556
2014-06-10,8.963577270507812,119254185
2014-06-11,8.794451713562012,52200315
2014-06-12,8.512579917907715,45492056
2014-06-13,8.907201766967773,80142406
2014-06-16,8.681702613830566,28798783
2014-06-17,8.625330924987793,26972813
2014-06-18,8.456204414367676,24737592
2014-06-19,8.456204414367676,18143447
2014-06-20,8.568953514099121,22042557
2014-06-23,8.738078117370605,53565859
2014-06-24,8.794451713562012,36833631
2014-06-25,9.019951820373535,90144683
2014-06-26,9.132699966430664,57780423
2014-06-27,9.019951820373535,26546147
2014-06-30,9.47095012664795,129420528
2014-07-02,9.978321075439453,141958051
2014-07-03,9.696447372436523,125906686
2014-07-04,9.583698272705078,86630229
2014-07-07,9.47095012664795,29092087
2014-07-08,9.752823829650879,45662233
2014-07-09,10.203818321228027,119669394
2014-07-10,10.147446632385254,43951294
2014-07-14,10.823941230773926,124362715
2014-07-15,11.105815887451172,173790086
2014-07-16,11.105815887451172,63115347
2014-07-17,12.176936149597168,131105957
2014-07-18,12.684307098388672,146679176
2014-07-21,12.684307098388672,51852169
2014-07-22,12.233309745788574,98586796
2014-07-23,12.627933502197266,98360402
2014-07-24,12.176936149597168,70370649
2014-07-25,12.402433395385742,155192629
2014-07-28,12.28968620300293,49932556
2014-07-29,11.782312393188477,54643598
2014-07-30,11.613187789916992,80399658
2014-07-31,11.331314086914062,69642277
2014-08-01,11.669564247131348,42157098
2014-08-04,12.402433395385742,109790244
2014-08-05,12.402433395385742,57016305
2014-08-06,12.233309745788574,78303757
2014-08-07,12.120558738708496,33982931
2014-08-08,12.064184188842773,21430132
2014-08-13,11.951435089111328,24112488
2014-08-14,12.120558738708496,42121657
2014-08-15,12.064184188842773,22671938
2014-08-18,11.951435089111328,14220506
2014-08-19,11.556812286376953,37800618
2014-08-20,11.387687683105469,48993067
2014-08-21,11.331314086914062,15013344
2014-08-22,11.556812286376953,29393029
2014-08-25,11.444064140319824,13770010
2014-08-26,12.064184188842773,94386744
2014-08-27,11.895063400268555,49209531
2014-08-28,11.725937843322754,42008766
2014-08-29,11.8386869430542,17843574
2014-09-01,11.782312393188477,12000104
2014-09-02,11.725937843322754,9949726
2014-09-03,12.34605884552002,94767887
2014-09-04,12.402433395385742,101669237
2014-09-05,12.28968620300293,27524133
2014-09-08,12.34605884552002,42402588
2014-09-09,12.34605884552002,14291235
2014-09-10,12.28968620300293,12229095
2014-09-11,11.951435089111328,48410889
2014-09-12,11.8386869430542,8957228
2014-09-15,11.895063400268555,10501809
2014-09-16,11.725937843322754,8613359
2014-09-17,11.669564247131348,10468049
2014-09-18,11.782312393188477,16216654
2014-09-19,11.8386869430542,5360741
2014-09-22,11.725937843322754,7488722
2014-09-23,11.782312393188477,14683377
2014-09-24,11.725937843322754,7084054
2014-09-25,11.725937843322754,10870272
2014-09-26,12.233309745788574,76511089
2014-09-29,11.895063400268555,64364181
2014-09-30,11.782312393188477,12860767
2014-10-01,11.782312393188477,5550930
2014-10-02,11.669564247131348,15999578
2014-10-03,11.725937843322754,16225208
2014-10-06,11.218564987182617,27860516
2014-10-07,11.218564987182617,16097805
2014-10-08,11.331314086914062,14404585
2014-10-09,11.500436782836914,13579362
2014-10-10,11.444064140319824,7284631
2014-10-13,11.331314086914062,5636935
2014-10-14,11.274940490722656,9194773
2014-10-15,11.218564987182617,4005432
2014-10-16,11.049440383911133,9214938
2014-10-17,10.99306583404541,4791242
2014-10-20,10.823941230773926,4300416
2014-10-21,10.598443984985352,5037648
2014-10-22,10.76756763458252,12429977
2014-10-24,11.218564987182617,17389870
2014-10-27,11.444064140319824,22511843
2014-10-28,11.782312393188477,27484415
2014-10-29,11.723114013671875,600509
2014-10-30,11.723114013671875,0
2014-10-31,11.782312393188477,15452994
2014-11-03,11.613187789916992,6367598
2014-11-04,11.556812286376953,6412816
2014-11-05,11.444064140319824,4075092
2014-11-06,11.444064140319824,6728576
2014-11-07,12.064184188842773,54855327
2014-11-10,11.8386869430542,13657882
2014-11-11,11.895063400268555,10064756
2014-11-12,11.8386869430542,63058367
2014-11-13,11.951435089111328,12991379
2014-11-14,12.233309745788574,39028675
2014-11-17,12.120558738708496,9763355
2014-11-18,12.176936149597168,12562270
2014-11-19,12.233309745788574,47550989
2014-11-20,12.28968620300293,12950439
2014-11-21,12.064184188842773,6665943
2014-11-24,11.951435089111328,7883002
2014-11-25,12.00780963897705,9119461
2014-11-26,12.120558738708496,19213395
2014-11-27,12.28968620300293,15134179
2014-11-28,12.176936149597168,4935755
2014-12-01,12.34605884552002,12447545
2014-12-02,12.34605884552002,13319208
2014-12-03,12.458808898925781,63909712
2014-12-04,12.909806251525879,26769181
2014-12-08,14.093673706054688,120454593
2014-12-09,13.81180191040039,39724509
2014-12-11,14.093673706054688,62956016
2014-12-12,14.939294815063477,79152353
2014-12-15,13.64267635345459,79326044
2014-12-16,13.980926513671875,52952670
2014-12-17,13.755426406860352,29103391
2014-12-18,13.980926513671875,33556418
2014-12-19,14.093673706054688,23533824
2014-12-22,14.234610557556152,7531954
2014-12-23,13.980926513671875,4930409
2014-12-24,13.924551963806152,6799305
2014-12-25,13.755426406860352,4309276
2014-12-26,13.755426406860352,3752304
2014-12-29,13.81180191040039,1750505
2014-12-30,14.037300109863281,7547077
2015-01-05,13.868176460266113,2917457
2015-01-06,14.093673706054688,17393689
2015-01-07,14.798358917236328,35034395
2015-01-08,15.643982887268066,29102627
2015-01-09,16.066789627075195,12175933
2015-01-12,16.066789627075195,5887007
2015-01-13,15.925850868225098,8726404
2015-01-14,15.784918785095215,7716185
2015-01-15,16.489601135253906,10984997
2015-01-16,16.207727432250977,13996404
2015-01-19,16.066789627075195,4286209
2015-01-20,16.207727432250977,7072139
2015-01-21,16.207727432250977,7830452
2015-01-22,16.630537033081055,20869799
2015-01-23,16.630537033081055,25348489
2015-01-26,17.053346633911133,8523841
2015-01-27,18.039905548095703,25780196
2015-01-28,18.18084144592285,20978413
2015-01-29,18.321779251098633,9660241
2015-01-30,18.321779251098633,3676992
2015-02-02,18.18084144592285,5750285
2015-02-03,18.321779251098633,6256081
2015-02-04,17.758031845092773,7881016
2015-02-05,18.039905548095703,5878147
2015-02-06,19.449275970458984,34453439
2015-02-09,19.308332443237305,7728559
2015-02-10,18.885526657104492,10208964
2015-02-11,19.02646255493164,7282034
2015-02-12,19.73114585876465,19469884
2015-02-13,19.872081756591797,5946585
2015-02-16,20.57586669921875,9233117
2015-02-17,20.57586669921875,9219674
2015-02-18,21.70425796508789,15110348
2015-02-19,21.70425796508789,6815650
2015-02-20,21.563323974609375,4947824
2015-02-23,21.140512466430664,4464941
2015-02-24,21.42238998413086,6169618
2015-02-25,21.84519386291504,10682527
2015-02-26,21.563323974609375,7599628
2015-02-27,23.113624572753906,15022204
2015-03-02,24.100187301635742,9137640
2015-03-03,23.254566192626953,13160640
2015-03-05,22.83175277709961,12618944
2015-03-06,23.818313598632812,8041264
2015-03-09,23.113624572753906,4387338
2015-03-10,22.549880981445312,5681847
2015-03-11,22.83175277709961,23547267
2015-03-12,22.549880981445312,4750760
2015-03-13,23.536439895629883,12691812
2015-03-16,22.972692489624023,5810779
2015-03-17,21.563323974609375,15504781
2015-03-18,22.972692489624023,20566260
2015-03-19,22.549880981445312,6945804
2015-03-20,23.39550018310547,9746551
2015-03-23,23.67737579345703,8461666
2015-03-24,23.39550018310547,7797913
2015-03-25,22.83175277709961,4499924
2015-03-26,22.127073287963867,8512231
2015-03-27,21.42238998413086,9811781
2015-03-30,22.127073287963867,7091540
2015-03-31,21.98613166809082,8389868
2015-04-01,23.254566192626953,12085192
2015-04-02,22.549880981445312,10450634
2015-04-03,22.83175277709961,3130867
2015-04-07,23.536439895629883,14515949
2015-04-08,22.83175277709961,8088162
2015-04-09,22.83175277709961,1947110
2015-04-10,23.113624572753906,1086752
2015-04-16,23.39550018310547,3115438
2015-04-17,22.83175277709961,2643402
2015-04-20,22.268009185791016,8271324
2015-04-21,22.972692489624023,7586643
2015-04-22,23.39550018310547,11887976
2015-04-23,24.100187301635742,16163951
2015-04-24,23.959251403808594,5171773
2015-04-27,23.959251403808594,7407911
2015-04-28,23.536439895629883,7437088
2015-04-29,24.008892059326172,6745062
2015-04-30,24.008892059326172,3884809
2015-05-04,24.008892059326172,0
2015-05-06,23.290063858032227,5089686
2015-05-07,23.002527236938477,6300104
2015-05-08,23.146297454833984,3877171
2015-05-11,22.714996337890625,1416048
2015-05-12,21.852405548095703,8221916
2015-05-13,21.99616813659668,7826681
2015-05-14,22.42746925354004,3312699
2015-05-15,23.002527236938477,6480274
2015-05-18,23.002527236938477,1781629
2015-05-19,23.146297454833984,1231984
2015-05-20,23.721359252929688,8641264
2015-05-21,24.008892059326172,8677657
2015-05-22,23.721359252929688,4847363
2015-05-25,23.146297454833984,5199166
2015-05-26,23.002527236938477,3819810
2015-05-27,23.290063858032227,2676638
2015-05-28,23.577598571777344,4416033
2015-05-29,24.152658462524414,7777707
2015-06-02,23.290063858032227,4937822
2015-06-03,23.290063858032227,4795993
2015-06-04,23.290063858032227,3262826
2015-06-05,23.43383026123047,6139853
2015-06-08,23.43383026123047,1717379
2015-06-09,23.43383026123047,2074125
2015-06-10,23.290063858032227,2962394
2015-06-11,23.290063858032227,1972433
2015-06-12,23.290063858032227,1801099
2015-06-15,23.43383026123047,1661516
2015-06-16,23.577598571777344,4572390
2015-06-17,23.43383026123047,2025450
2015-06-18,22.858766555786133,5011358
2015-06-19,22.283702850341797,5499000
2015-06-22,22.858766555786133,1361233
2015-06-23,23.002527236938477,2614934
2015-06-24,23.002527236938477,1825062
2015-06-25,23.002527236938477,1423386
2015-06-26,23.146297454833984,5895733
2015-06-29,23.002527236938477,2311955
2015-06-30,23.002527236938477,6380379
2015-07-02,22.714996337890625,1707495
2015-07-03,22.714996337890625,1700755
2015-07-06,22.283702850341797,1763657
2015-07-07,22.283702850341797,1477752
2015-07-08,22.139936447143555,1580193
2015-07-09,21.99616813659668,10741449
2015-07-10,22.139936447143555,3098682
2015-07-13,22.283702850341797,1550988
2015-07-14,21.99616813659668,3200074
2015-07-15,21.99616813659668,1336372
2015-07-16,22.283702850341797,2250401
2015-07-17,21.99616813659668,824468
2015-07-20,21.70863914489746,1303123
2015-07-21,20.55851173400879,12051612
2015-07-22,21.564870834350586,7676764
2015-07-23,21.564870834350586,1928251
2015-07-24,21.277341842651367,2102580
2015-07-27,20.414745330810547,11058356
2015-07-28,20.414745330810547,4024842
2015-07-29,20.702280044555664,2384742
2015-07-31,21.421106338500977,2901588
2015-08-03,20.98980712890625,3062438
2015-08-04,21.133577346801758,742845
2015-08-05,21.99616813659668,7092522
2015-08-06,21.70863914489746,3141515
2015-08-07,21.99616813659668,1178966
2015-08-10,21.852405548095703,3039973
2015-08-11,21.99616813659668,3455427
2015-08-13,21.852405548095703,5503193
2015-08-14,21.564870834350586,1614789
2015-08-17,21.852405548095703,1417396
2015-08-18,21.421106338500977,8538524
2015-08-19,21.421106338500977,1905038
2015-08-20,21.421106338500977,1292490
2015-08-21,21.133577346801758,2601155
2015-08-24,20.414745330810547,5214292
2015-08-25,20.127216339111328,6834174
2015-08-26,19.983449935913086,2483738
2015-08-27,20.702280044555664,4015556
2015-08-28,21.133577346801758,3656564
2015-08-31,21.133577346801758,1538557
2015-09-01,20.846046447753906,2566259
2015-09-02,20.55851173400879,2652376
2015-09-03,20.98980712890625,1400472
2015-09-04,20.846046447753906,859813
2015-09-07,20.702280044555664,456490
2015-09-08,20.702280044555664,2221196
2015-09-09,21.421106338500977,3297273
2015-09-10,21.133577346801758,2088502
2015-09-11,20.55851173400879,1727713
2015-09-14,20.414745330810547,1138080
2015-09-15,19.839679718017578,6239598
2015-09-16,20.55851173400879,5854397
2015-09-17,20.270980834960938,977230
2015-09-18,20.55851173400879,2218051
2015-09-21,21.564870834350586,10848832
2015-09-22,20.98980712890625,2983061
2015-09-23,20.846046447753906,2071129
2015-09-24,21.277341842651367,2608194
2015-09-25,21.421106338500977,1502613
2015-09-28,20.98980712890625,1757816
2015-09-29,21.133577346801758,2647433
2015-09-30,21.133577346801758,2159791
2015-10-01,20.846046447753906,2228085
2015-10-02,20.55851173400879,1623625
2015-10-05,20.846046447753906,1426082
2015-10-06,20.55851173400879,2724863
2015-10-07,20.414745330810547,4021097
2015-10-08,21.277341842651367,10518146
2015-10-09,21.852405548095703,10397583
2015-10-12,21.421106338500977,4767088
2015-10-13,21.421106338500977,2082661
2015-10-14,22.42746925354004,9360296
2015-10-15,23.146297454833984,17924281
2015-10-16,23.002527236938477,5550669
2015-10-19,23.146297454833984,3003130
2015-10-20,23.721359252929688,11349653
2015-10-21,23.290063858032227,6353870
2015-10-22,23.290063858032227,5974810
2015-10-26,23.290063858032227,5509334
2015-10-27,23.577598571777344,5100919
2015-10-28,24.296424865722656,24040771
2015-10-29,25.015249252319336,18278031
2015-10-30,25.157291412353516,12808385
2015-11-02,24.583953857421875,5471892
2015-11-03,24.585538864135742,4563554
2015-11-04,25.159019470214844,17024629
2015-11-05,25.015249252319336,10770653
2015-11-06,24.72700309753418,4053896
2015-11-09,24.43817901611328,4612827
2015-11-10,25.446550369262695,17770320
2015-11-11,25.01582908630371,7024378
2015-11-12,25.877845764160156,24115505
2015-11-13,26.309146881103516,13598706
2015-11-16,26.309146881103516,6290669
2015-11-17,27.74680519104004,15636737
2015-11-18,27.027973175048828,13825454
2015-11-19,27.17173957824707,11525480
2015-11-20,28.03433609008789,7155574
2015-11-23,27.60303497314453,10147622
2015-11-24,27.45610809326172,5685160
2015-11-25,27.45610809326172,5400603
2015-11-26,26.454063415527344,13616079
2015-11-27,26.45291519165039,7302046
2015-11-30,27.45610809326172,10569965
2015-12-01,27.60303497314453,5563399
2015-12-02,28.321863174438477,18045293
2015-12-03,28.321863174438477,8172044
2015-12-04,27.89056968688965,5069018
2015-12-08,27.17173957824707,8377225
2015-12-09,27.89056968688965,4442392
2015-12-11,27.027973175048828,4516078
2015-12-14,26.45291519165039,5912057
2015-12-15,26.740440368652344,3943368
2015-12-16,27.315507888793945,5932276
2015-12-17,27.892295837402344,8646506
2015-12-18,27.027973175048828,7200804
2015-12-21,27.17173957824707,5773673
2015-12-22,27.89056968688965,6986936
2015-12-23,28.033761978149414,8548109
2015-12-24,26.884353637695312,18063714
2015-12-25,27.027973175048828,6079797
2015-12-28,27.173179626464844,4291277
2015-12-29,27.173179626464844,6942905
2015-12-30,27.45610809326172,7149434
2016-01-04,26.74288558959961,4582724
2016-01-05,26.596677780151367,6817550
2016-01-06,26.740440368652344,5153637
2016-01-07,26.02161407470703,9190760
2016-01-08,26.596677780151367,5506638
2016-01-11,25.590316772460938,10503019
2016-01-12,25.877845764160156,6306694
2016-01-13,26.02161407470703,6227916
2016-01-14,25.734085083007812,5780262
2016-01-15,25.590316772460938,2227187
2016-01-18,26.45291519165039,6140902
2016-01-19,26.309146881103516,5865180
2016-01-20,25.590316772460938,8798519
2016-01-21,24.72772216796875,8953229
2016-01-22,25.877845764160156,8429343
2016-01-25,25.877845764160156,7992623
2016-01-26,25.734085083007812,2034736
2016-01-27,25.877845764160156,2527320
2016-01-28,26.88420867919922,7392056
2016-01-29,27.02581787109375,6133563
2016-02-01,27.02581787109375,5935721
2016-02-02,27.027973175048828,7012846
2016-02-03,27.173179626464844,4647723
2016-02-04,27.45610809326172,4533601
2016-02-05,27.892295837402344,14555419
2016-02-08,27.60346794128418,3661806
2016-02-09,27.45610809326172,2953557
2016-02-10,27.315507888793945,2166231
2016-02-11,26.74288558959961,3749120
2016-02-12,26.165376663208008,10217563
2016-02-15,25.877845764160156,6448973
2016-02-16,26.45291519165039,4599947
2016-02-17,26.02161407470703,4975414
2016-02-18,25.877845764160156,12886264
2016-02-19,25.30278778076172,3957297
2016-02-23,25.159019470214844,2904883
2016-02-24,25.30278778076172,2803790
2016-02-25,25.877845764160156,9505570
2016-02-26,26.309146881103516,4803481
2016-02-29,26.165376663208008,2565960
2016-03-01,26.165376663208008,1280359
2016-03-02,26.165376663208008,5362712
2016-03-03,25.877845764160156,4742076
2016-03-04,25.30278778076172,6033369
2016-03-07,25.446550369262695,7314926
2016-03-08,24.72772216796875,6255623
2016-03-09,25.01582908630371,4232269
2016-03-10,24.72772216796875,4149148
2016-03-11,24.72700309753418,4495560
2016-03-14,24.15524673461914,6376336
2016-03-15,24.86846923828125,3086401
2016-03-16,24.72772216796875,2913420
2016-03-17,24.43817901611328,2123847
2016-03-18,24.583953857421875,5078603
2016-03-21,24.583953857421875,1748681
2016-03-22,23.721359252929688,7121577
2016-03-23,24.4401912689209,9569670
2016-03-24,24.72772216796875,8311477
2016-03-25,24.43817901611328,2012570
2016-03-28,24.152658462524414,2909376
2016-03-29,24.008892059326172,2425778
2016-03-30,24.152658462524414,6815752
2016-03-31,24.296424865722656,2239617
2016-04-01,24.296424865722656,3005377
2016-04-04,24.4401912689209,1111571
2016-04-05,24.296424865722656,2374707
2016-04-07,24.72772216796875,4909366
2016-04-08,25.015249252319336,1838691
2016-04-11,25.015249252319336,1144220
2016-04-12,25.44611930847168,4494811
2016-04-18,25.590316772460938,3721713
2016-04-19,25.590316772460938,8938252
2016-04-20,25.590316772460938,3446740
2016-04-21,25.590316772460938,8326004
2016-04-22,25.159019470214844,2603402
2016-04-25,24.86846923828125,960007
2016-04-26,25.44611930847168,3008073
2016-04-27,25.159019470214844,2580487
2016-04-28,24.90553855895996,2926669
2016-04-29,24.90553855895996,3532020
2016-05-03,24.90553855895996,1491242
2016-05-04,25.200281143188477,1917457
2016-05-09,26.379241943359375,6466579
2016-05-10,25.937131881713867,5066805
2016-05-11,25.937131881713867,4954735
2016-05-12,25.937131881713867,6370436
2016-05-13,26.084503173828125,3440699
2016-05-16,25.64239501953125,3641167
2016-05-17,25.78976058959961,2842653
2016-05-18,25.05290985107422,3984974
2016-05-19,24.610801696777344,3700052
2016-05-23,24.610801696777344,2550570
2016-05-24,24.90553855895996,1368798
2016-05-25,24.75817108154297,2054805
2016-05-26,24.75817108154297,1189954
2016-05-27,24.46343231201172,1557139
2016-05-30,24.46343231201172,2719332
2016-05-31,25.05290985107422,2962028
2016-06-01,24.46343231201172,2237740
2016-06-02,24.168689727783203,11968805
2016-06-03,23.284469604492188,24784635
2016-06-06,23.579214096069336,9789803
2016-06-07,23.726581573486328,8491723
2016-06-08,23.873950958251953,4993163
2016-06-09,23.284469604492188,8040084
2016-06-10,22.694992065429688,12332045
2016-06-13,22.105506896972656,5250324
2016-06-14,22.252880096435547,5134017
2016-06-15,22.40024757385254,8124684
2016-06-16,22.105506896972656,3265069
2016-06-17,22.40024757385254,2137067
2016-06-20,23.431840896606445,6569444
2016-06-21,23.137102127075195,6645569
2016-06-22,22.547622680664062,4081702
2016-06-23,22.547622680664062,3305835
2016-06-24,22.694992065429688,7318572
2016-06-27,22.842357635498047,3743594
2016-06-28,22.842357635498047,2247091
2016-06-29,22.547622680664062,4186466
2016-06-30,22.40024757385254,4122760
2016-07-04,22.252880096435547,4054525
2016-07-05,21.810771942138672,6134169
2016-07-06,22.105506896972656,2108283
2016-07-07,21.221288681030273,13311303
2016-07-08,20.189701080322266,55854230
2016-07-11,20.189701080322266,12766881
2016-07-12,19.894956588745117,13252273
2016-07-13,20.779176712036133,33134774
2016-07-14,21.663400650024414,21253345
2016-07-15,21.663400650024414,18401048
2016-07-20,21.810771942138672,9075304
2016-07-21,21.663400650024414,7528246
2016-07-22,21.663400650024414,3372317
2016-07-25,21.663400650024414,5425953
2016-07-26,22.40024757385254,23192720
2016-07-27,23.137102127075195,16118597
2016-07-28,22.989728927612305,8424657
2016-07-29,22.694992065429688,5973736
2016-08-01,22.989728927612305,5713506
2016-08-02,22.252880096435547,6007927
2016-08-03,21.810771942138672,10292144
2016-08-04,21.51603126525879,4783927
2016-08-05,22.105506896972656,11735899
2016-08-08,22.40024757385254,6802350
2016-08-09,23.137102127075195,19342024
2016-08-10,23.284469604492188,28100699
2016-08-11,22.989728927612305,10235013
2016-08-15,23.137102127075195,8302067
2016-08-16,22.694992065429688,6651706
2016-08-17,22.989728927612305,5154327
2016-08-18,22.989728927612305,3602155
2016-08-19,23.579214096069336,28509819
2016-08-22,23.726581573486328,15134955
2016-08-23,23.726581573486328,5317244
2016-08-24,23.873950958251953,5335070
2016-08-25,24.168689727783203,13347101
2016-08-26,23.873950958251953,5534955
2016-08-29,23.284469604492188,8012322
2016-08-30,23.431840896606445,2686749
2016-08-31,23.284469604492188,4762302
2016-09-01,22.842357635498047,5080539
2016-09-02,22.40024757385254,7494639
2016-09-05,21.51603126525879,11905099
2016-09-06,22.547622680664062,22137775
2016-09-07,21.810771942138672,5119552
2016-09-08,20.779176712036133,9498305
2016-09-09,20.189701080322266,7211178
2016-09-12,19.600217819213867,5454592
2016-09-13,20.189701080322266,13666068
2016-09-14,20.48444175720215,5568707
2016-09-15,20.189701080322266,2327162
2016-09-16,20.63180923461914,8814782
2016-09-19,20.63180923461914,5774144
2016-09-20,20.04233169555664,8321354
2016-09-21,20.337068557739258,3577900
2016-09-22,20.779176712036133,10434459
2016-09-23,20.779176712036133,8968202
2016-09-26,21.07391929626465,8500929
2016-09-27,21.51603126525879,15152635
2016-09-28,21.221288681030273,9704764
2016-09-29,21.368663787841797,3470798
2016-09-30,21.221288681030273,3106097
2016-10-03,21.368663787841797,1959684
2016-10-04,21.95814323425293,6394837
2016-10-05,21.368663787841797,5142930
2016-10-06,21.663400650024414,5901994
2016-10-07,21.810771942138672,4394387
2016-10-10,20.337068557739258,9182406
2016-10-11,20.189701080322266,5588871
2016-10-12,19.452848434448242,17410393
2016-10-13,19.894956588745117,20667427
2016-10-14,20.63180923461914,19191672
2016-10-17,21.221288681030273,6183556
2016-10-18,21.810771942138672,12831756
2016-10-19,22.694992065429688,14144301
2016-10-20,23.579214096069336,14953628
2016-10-21,23.137102127075195,8468199
2016-10-25,23.579214096069336,9961487
2016-10-26,23.137102127075195,3705166
2016-10-27,23.873950958251953,7647183
2016-10-28,23.579214096069336,5655645
2016-10-31,23.579214096069336,4422733
2016-11-01,24.021320343017578,7070762
2016-11-02,24.021320343017578,3353907
2016-11-03,24.168689727783203,8195550
2016-11-04,24.021320343017578,5777358
2016-11-07,24.75817108154297,15812926
2016-11-08,25.05290985107422,21700747
2016-11-09,25.937131881713867,47031119
2016-11-10,25.64239501953125,26088120
2016-11-11,24.90553855895996,15636712
2016-11-14,22.989728927612305,24607544
2016-11-15,24.168689727783203,12652181
2016-11-16,23.873950958251953,10513361
2016-11-17,23.726581573486328,5281739
2016-11-18,23.579214096069336,3798971
2016-11-21,23.137102127075195,5129780
2016-11-22,23.726581573486328,11712813
2016-11-23,23.726581573486328,4217734
2016-11-24,23.579214096069336,4217734
2016-11-25,25.05290985107422,15370930
2016-11-28,24.610801696777344,20578151
2016-11-29,24.316062927246094,14927473
2016-11-30,24.168689727783203,9492898
2016-12-01,24.46343231201172,15653807
2016-12-02,24.610801696777344,7209717
2016-12-06,24.75817108154297,4463937
2016-12-07,24.46343231201172,6240248
2016-12-08,24.75817108154297,9012182
2016-12-09,24.46343231201172,3630501
2016-12-13,23.726581573486328,8180354
2016-12-14,23.137102127075195,15743083
2016-12-15,22.989728927612305,7810685
2016-12-16,23.284469604492188,5375106
2016-12-19,22.989728927612305,10322535
2016-12-20,22.252880096435547,10718505
2016-12-21,22.40024757385254,8610222
2016-12-22,22.105506896972656,7200658
2016-12-23,21.810771942138672,11577365
2016-12-26,22.252880096435547,12335552
2016-12-27,22.547622680664062,5869995
2016-12-28,23.137102127075195,5840041
2016-12-29,23.873950958251953,17761652
2016-12-30,24.316062927246094,31223307
2017-01-04,24.168689727783203,14215604
2017-01-05,24.610801696777344,15393139
2017-01-06,24.316062927246094,8123369
2017-01-09,23.579214096069336,13054580
2017-01-10,23.137102127075195,11742474
2017-01-11,23.431840896606445,9471712
2017-01-12,23.873950958251953,5559210
2017-01-16,23.284469604492188,6131101
2017-01-17,22.989728927612305,8261739
2017-01-18,22.694992065429688,6652291
2017-01-19,23.431840896606445,12975971
2017-01-20,23.873950958251953,7961182
2017-01-23,23.726581573486328,7027804
2017-01-24,24.021320343017578,7133591
2017-01-25,24.316062927246094,5010697
2017-01-26,24.316062927246094,9313762
2017-01-27,24.316062927246094,5449039
2017-01-30,24.46343231201172,3464223
2017-01-31,24.316062927246094,3909579
2017-02-01,25.495019912719727,42068494
2017-02-02,25.05290985107422,12669423
2017-02-03,25.64239501953125,15361432
2017-02-06,26.526615142822266,23871859
2017-02-07,26.231874465942383,12661533
2017-02-08,26.968725204467773,16881898
2017-02-09,26.67398452758789,10388287
2017-02-10,26.084503173828125,7515826
2017-02-14,25.937131881713867,6982801
2017-02-15,25.200281143188477,13293915
2017-02-16,25.495019912719727,8140611
2017-02-17,25.937131881713867,7665447
2017-02-20,25.78976058959961,3930328
2017-02-21,25.34764862060547,8300168
2017-02-22,25.05290985107422,8883602
2017-02-23,25.78976058959961,20578443
2017-02-24,25.78976058959961,6575434
2017-02-27,25.64239501953125,4992432
2017-02-28,26.084503173828125,8447889
2017-03-01,26.821353912353516,20893904
2017-03-02,27.1160888671875,10186649
2017-03-03,26.968725204467773,5371453
2017-03-06,25.78976058959961,6996682
2017-03-07,25.200281143188477,12358200
2017-03-08,24.168689727783203,43675166
2017-03-09,24.46343231201172,8638422
2017-03-10,24.316062927246094,6108599
2017-03-13,24.46343231201172,9423056
2017-03-14,25.05290985107422,9904941
2017-03-15,24.90553855895996,11477569
2017-03-16,25.495019912719727,6682536
2017-03-17,25.05290985107422,4632699
2017-03-20,25.05290985107422,5305847
2017-03-21,25.64239501953125,6783793
2017-03-22,25.34764862060547,3210130
2017-03-23,25.495019912719727,2846452
2017-03-24,25.64239501953125,4930772
2017-03-27,25.64239501953125,1811524
2017-03-28,25.937131881713867,4023402
2017-03-29,26.084503173828125,3081404
2017-03-30,25.78976058959961,1457051
2017-03-31,25.495019912719727,3672728
2017-04-03,25.937131881713867,1710267
2017-04-04,25.64239501953125,1570436
2017-04-05,25.495019912719727,1872600
2017-04-07,25.495019912719727,3079650
2017-04-10,25.495019912719727,2621290
2017-04-11,25.34764862060547,2875675
2017-04-12,25.200281143188477,1800858
2017-04-17,25.200281143188477,1432650
2017-04-18,25.34764862060547,2336367
2017-04-19,25.34764862060547,2050275
2017-04-20,25.937131881713867,5668649
2017-04-21,25.937131881713867,3964080
2017-04-24,26.084503173828125,5400383
2017-04-25,25.937131881713867,5280716
2017-04-26,26.084503173828125,4380067
2017-04-27,26.821353912353516,12528423
2017-04-28,27.130748748779297,3382264
2017-05-02,27.284027099609375,1399746
2017-05-03,26.67090606689453,3772839
2017-05-04,26.67090606689453,2482959
2017-05-08,28.203716278076172,11591358
2017-05-09,27.590591430664062,7070104
2017-05-11,28.510282516479492,21975728
2017-05-12,29.276683807373047,14118152
2017-05-15,28.970123291015625,894388
2017-05-16,30.809494018554688,25819939
2017-05-17,31.116058349609375,18314161
2017-05-18,31.269336700439453,18037527
2017-05-19,31.729183197021484,10003630
2017-05-22,30.656213760375977,12204195
2017-05-23,31.729183197021484,13393762
2017-05-24,30.96277618408203,5135776
2017-05-25,32.64886474609375,9226555
2017-05-26,31.57590103149414,11900586
2017-05-29,31.269336700439453,5472541
2017-05-30,30.34964942932129,10639086
2017-05-31,30.809494018554688,8387100
2017-06-01,30.34964942932129,4581666
2017-06-02,30.656213760375977,4723003
2017-06-05,30.656213760375977,7926137
2017-06-06,32.035743713378906,19914252
2017-06-07,31.882463455200195,13430010
2017-06-08,32.495582580566406,11203593
2017-06-09,32.495582580566406,14034838
2017-06-12,32.495582580566406,7302904
2017-06-13,32.95542526245117,8705882
2017-06-14,34.02839279174805,16253528
2017-06-15,33.875118255615234,6695968
2017-06-16,33.10871124267578,4036688
2017-06-19,32.64886474609375,6662811
2017-06-20,32.34230422973633,3611551
2017-06-21,32.64886474609375,5123413
2017-06-22,32.34230422973633,6087907
2017-06-23,32.189022064208984,5488698
2017-06-26,32.80215072631836,3946350
2017-06-27,32.64886474609375,6927783
2017-06-28,32.495582580566406,1694082
2017-06-29,31.42261505126953,5837406
2017-06-30,30.809494018554688,15661484
2017-07-03,31.57590103149414,4611732
2017-07-04,31.882463455200195,3594270
2017-07-05,31.57590103149414,2818038
2017-07-06,31.57590103149414,3795459
2017-07-07,31.269336700439453,1640694
2017-07-11,32.495582580566406,7534439
2017-07-12,32.34230422973633,2302002
2017-07-13,33.261993408203125,7275648
2017-07-14,32.64886474609375,5564425
2017-07-17,32.189022064208984,3065449
2017-07-18,31.882463455200195,6058403
2017-07-19,31.42261505126953,4328916
2017-07-20,31.882463455200195,4267942
2017-07-21,32.189022064208984,3049995
2017-07-24,32.64886474609375,3409239
2017-07-25,32.495582580566406,4267661
2017-07-26,32.495582580566406,2196350
2017-07-27,32.189022064208984,2816774
2017-07-31,32.34230422973633,2461182
2017-08-01,32.34230422973633,3270431
2017-08-02,31.882463455200195,2848947
2017-08-03,32.189022064208984,4716962
2017-08-04,32.035743713378906,820066
2017-08-07,32.035743713378906,2025509
2017-08-08,32.34230422973633,2734023
2017-08-09,32.189022064208984,2558826
2017-08-10,31.882463455200195,5179891
2017-08-11,30.96277618408203,6530465
2017-08-15,30.502931594848633,5573838
2017-08-16,30.96277618408203,6123452
2017-08-17,30.502931594848633,7536827
2017-08-18,29.12339973449707,15815466
2017-08-21,29.429960250854492,12264046
2017-08-22,29.889812469482422,4622831
2017-08-23,30.34964942932129,3846177
2017-08-24,30.96277618408203,6283757
2017-08-25,30.656213760375977,6937056
2017-08-28,30.502931594848633,500019
2017-08-29,31.42261505126953,6853321
2017-08-30,31.116058349609375,2893905
2017-08-31,31.42261505126953,2472984
2017-09-01,32.34230422973633,7999054
2017-09-04,32.189022064208984,4045398
2017-09-05,31.729183197021484,2009773
2017-09-06,31.729183197021484,4608360
2017-09-07,31.729183197021484,2971177
2017-09-08,31.882463455200195,6836743
2017-09-11,31.57590103149414,2122731
2017-09-12,31.42261505126953,3720013
2017-09-13,30.809494018554688,6805553
2017-09-14,31.729183197021484,5950504
2017-09-15,32.189022064208984,5537169
2017-09-18,32.34230422973633,5946710
2017-09-19,32.189022064208984,3957308
2017-09-20,32.189022064208984,3210580
2017-09-21,33.72183609008789,21517014
2017-09-22,35.86776351928711,21491444
2017-09-25,35.56120681762695,9944481
2017-09-26,36.17433166503906,11752224
2017-09-27,35.407928466796875,2984805
2017-09-28,35.71448516845703,9334173
2017-09-29,36.78746032714844,10984703
2017-10-02,38.780113220214844,13221937
2017-10-03,37.86042785644531,7802502
2017-10-04,37.40058135986328,15592782
2017-10-05,38.013702392578125,11577590
2017-10-06,37.55386734008789,8134491
2017-10-09,37.40058135986328,4474890
2017-10-10,37.40058135986328,5420277
2017-10-11,40.46620178222656,27125273
2017-10-12,42.15229415893555,15488957
2017-10-16,41.079322814941406,764711
2017-10-17,41.385887145996094,7061113
2017-10-18,40.0063591003418,18726371
2017-10-19,40.31291961669922,7167748
2017-10-20,42.765419006347656,18840593
2017-10-24,42.918697357177734,13498149
2017-10-25,42.918697357177734,11444822
2017-10-27,42.4588508605957,8929549
2017-10-30,43.3785400390625,7934708
2017-10-31,42.61214065551758,4877547
2017-11-01,43.83838653564453,12455399
2017-11-02,43.071983337402344,8968466
2017-11-03,44.60478591918945,11130536
2017-11-06,43.071983337402344,17574878
2017-11-07,41.385887145996094,31924987
2017-11-08,41.385887145996094,16705358
2017-11-09,41.232608795166016,3541163
2017-11-10,40.772769927978516,6299773
2017-11-13,41.84573745727539,9735285
2017-11-14,40.46620178222656,14119838
2017-11-15,41.232608795166016,28858554
2017-11-16,39.239952087402344,20531585
2017-11-17,39.39323425292969,10660301
2017-11-20,38.780113220214844,21724946
2017-11-21,37.40058135986328,30896848
2017-11-22,38.013702392578125,16487732
2017-11-23,36.78746032714844,12233558
2017-11-24,35.407928466796875,14044392
2017-11-27,37.40058135986328,17841678
2017-11-28,37.40058135986328,8914938
2017-11-29,38.626827239990234,24600587
2017-11-30,38.626827239990234,7098063
2017-12-01,36.940738677978516,13497728
2017-12-04,36.48089599609375,10450683
2017-12-06,36.63418197631836,7553827
2017-12-07,36.78746032714844,4186174
2017-12-08,36.940738677978516,5252527
2017-12-12,38.780113220214844,12285682
2017-12-13,38.1669807434082,10795035
2017-12-14,39.54651641845703,17629812
2017-12-15,39.69979476928711,8882624
2017-12-18,39.69979476928711,4060993
2017-12-19,39.69979476928711,13885914
2017-12-20,38.93339920043945,8584073
2017-12-21,39.086666107177734,5598846
2017-12-22,39.39323425292969,1746206
2017-12-25,40.15963363647461,6441672
2017-12-26,40.15963363647461,4665260
2017-12-27,40.46620178222656,14004632
2017-12-28,39.853084564208984,5523119
2017-12-29,40.0063591003418,11446508
2018-01-03,41.079322814941406,10439865
2018-01-04,42.305572509765625,16326444
2018-01-05,41.232608795166016,11809265
2018-01-08,40.61948776245117,9378991
2018-01-09,39.239952087402344,1225252
2018-01-10,39.54651641845703,8133507
2018-01-11,40.772769927978516,12937436
2018-01-12,40.46620178222656,7074319
2018-01-15,39.39323425292969,11365021
2018-01-16,38.32027053833008,29191104
2018-01-17,37.40058135986328,23381095
2018-01-18,37.707149505615234,11797744
2018-01-19,37.86042785644531,5547003
2018-01-22,38.1669807434082,7012361
2018-01-23,37.24729919433594,18306855
2018-01-24,36.02104949951172,19716296
2018-01-25,36.63418197631836,8731873
2018-01-26,36.78746032714844,8698436
2018-01-29,38.1669807434082,16108818
2018-01-30,38.1669807434082,12052180
2018-01-31,38.626827239990234,11972379
2018-02-01,38.780113220214844,5393443
2018-02-02,38.1669807434082,6889709
2018-02-05,37.55386734008789,8350993
2018-02-06,36.940738677978516,12960336
2018-02-07,37.40058135986328,14379190
2018-02-08,37.55386734008789,8173408
2018-02-09,36.63418197631836,8313340
2018-02-12,37.09402084350586,3148060
2018-02-13,37.24729919433594,5225974
2018-02-14,36.78746032714844,3429611
2018-02-15,37.09402084350586,2778840
2018-02-16,37.55386734008789,2768303
2018-02-19,36.940738677978516,3849689
2018-02-20,37.09402084350586,2840658
2018-02-21,35.86776351928711,7334796
2018-02-22,35.10136413574219,7354746
2018-02-23,35.254642486572266,6780686
2018-02-26,36.78746032714844,11220453
2018-02-27,36.63418197631836,8322753
2018-02-28,37.707149505615234,9064705
2018-03-02,38.626827239990234,28698390
2018-03-05,38.47355651855469,23443053
2018-03-06,38.47355651855469,555234
2018-03-07,37.86042785644531,5541805
2018-03-08,38.1669807434082,9116828
2018-03-09,36.78746032714844,8868715
2018-03-12,37.40058135986328,6469631
2018-03-13,38.013702392578125,3429470
2018-03-14,39.239952087402344,14234341
2018-03-15,39.239952087402344,6329698
2018-03-16,40.31291961669922,13165458
2018-03-19,39.54651641845703,8200523
2018-03-20,38.32027053833008,11581804
2018-03-21,38.32027053833008,6502507
2018-03-22,38.32027053833008,5972561
2018-03-23,37.55386734008789,6413574
2018-03-26,37.40058135986328,4300396
2018-03-27,38.626827239990234,11426558
2018-03-28,37.86042785644531,4602178
2018-03-29,37.40058135986328,10235305
2018-03-30,37.24729919433594,6798107
2018-04-02,37.24729919433594,4912249
2018-04-03,35.56120681762695,10205380
2018-04-04,32.495582580566406,29525341
2018-04-05,33.4152717590332,13192995
2018-04-09,33.261993408203125,4039638
2018-04-10,32.64886474609375,8631701
2018-04-11,33.875118255615234,6587084
2018-04-12,34.02839279174805,2148863
2018-04-17,33.56855392456055,2607296
2018-04-18,35.56120681762695,10426378
2018-04-19,36.48089599609375,11209775
2018-04-20,36.17433166503906,6117411
2018-04-23,36.02104949951172,2433083
2018-04-24,35.254642486572266,5542227
2018-04-25,34.641517639160156,6361169
2018-04-26,32.189022064208984,25162565
2018-04-27,31.729183197021484,9976795
2018-04-30,31.882463455200195,6639208
2018-05-02,31.882463455200195,7350110
2018-05-03,33.01097869873047,6778516
2018-05-04,33.01097869873047,5140455
2018-05-07,33.01097869873047,2239008
2018-05-08,31.716434478759766,6275531
2018-05-09,32.5255241394043,5798102
2018-05-10,31.716434478759766,3992866
2018-05-11,31.554609298706055,4511158
2018-05-14,30.260066986083984,8062266
2018-05-15,28.3182430267334,43491223
2018-05-16,22.169137954711914,174254786
2018-05-17,23.140052795410156,67943157
2018-05-18,23.949142456054688,54810979
2018-05-21,23.949142456054688,22298376
2018-05-22,24.596418380737305,35610638
2018-05-23,24.27277946472168,21219733
2018-05-24,24.110963821411133,16070494
2018-05-25,24.27277946472168,11663952
2018-05-28,24.920053482055664,36662661
2018-05-30,23.625507354736328,19722225
2018-05-31,22.81641387939453,23880136
2018-06-01,23.46368980407715,14547297
2018-06-04,22.65459442138672,15491242
2018-06-05,23.46368980407715,15181252
2018-06-06,23.46368980407715,9633778
2018-06-07,22.81641387939453,13195667
2018-06-08,23.140052795410156,9265091
2018-06-11,22.978233337402344,5645170
2018-06-12,23.301868438720703,11604323
2018-06-13,22.81641387939453,5291257
2018-06-14,22.978233337402344,9800153
2018-06-15,22.65459442138672,16171650
2018-06-18,22.007320404052734,12237879
2018-06-19,20.38913917541504,28693964
2018-06-20,20.7127742767334,13398112
2018-06-21,20.38913917541504,13555037
2018-06-22,20.06549835205078,9612348
2018-06-25,20.06549835205078,5494900
2018-06-26,19.9036808013916,6657262
2018-06-27,19.741863250732422,5094801
2018-06-28,19.41822624206543,9641231
2018-06-29,19.09459114074707,21092223
2018-07-02,21.198226928710938,14016627
2018-07-03,21.03641128540039,9938577
2018-07-04,20.7127742767334,13702911
2018-07-05,19.580041885375977,7482748
2018-07-06,20.550952911376953,8555401
2018-07-09,20.874589920043945,8254462
2018-07-10,20.7127742767334,6999595
2018-07-11,20.06549835205078,11272904
2018-07-12,20.227317810058594,8810022
2018-07-13,20.550952911376953,11145527
2018-07-16,20.227317810058594,5610697
2018-07-17,19.9036808013916,8475808
2018-07-18,20.06549835205078,2079687
2018-07-19,21.521865844726562,22638047
2018-07-20,22.65459442138672,22155160
2018-07-23,22.81641387939453,11366606
2018-07-24,24.27277946472168,44130769
2018-07-25,24.27277946472168,15107914
2018-07-26,24.434602737426758,15724434
2018-07-31,25.081872940063477,15076769
2018-08-01,24.920053482055664,8021803
2018-08-02,23.78732681274414,25255725
2018-08-03,23.78732681274414,16211713
2018-08-06,22.978233337402344,13012388
2018-08-07,23.301868438720703,10449947
2018-08-08,23.46368980407715,5585408
2018-08-09,24.27277946472168,19173055
2018-08-10,24.110963821411133,8754785
2018-08-14,23.625507354736328,10230731
2018-08-15,21.845504760742188,28670139
2018-08-16,24.110963821411133,48135215
2018-08-17,26.214603424072266,70602229
2018-08-20,26.214603424072266,34703695
2018-08-21,26.700057983398438,17363028
2018-08-22,26.214603424072266,10655719
2018-08-23,27.347333908081055,27544911
2018-08-24,27.509153366088867,17389115
2018-08-27,27.185516357421875,16987020
2018-08-28,26.700057983398438,16735195
2018-08-29,26.86187744140625,10105218
2018-08-30,26.376420974731445,10365561
2018-08-31,27.347333908081055,20050849
2018-09-03,27.347333908081055,13389194
2018-09-04,26.700057983398438,14169426
2018-09-05,26.538238525390625,7032205
2018-09-06,26.376420974731445,7158783
2018-09-07,27.023693084716797,5433541
2018-09-10,27.185516357421875,4882374
2018-09-11,28.156423568725586,28964556
2018-09-12,28.156423568725586,17712948
2018-09-13,30.098247528076172,36168327
2018-09-14,29.936431884765625,18132745
2018-09-17,29.936431884765625,9732005
2018-09-18,29.612794876098633,24894092
2018-09-19,30.260066986083984,28356422
2018-09-20,29.77461051940918,6891784
2018-09-21,29.77461051940918,9834226
2018-09-24,29.612794876098633,7380128
2018-09-25,29.289161682128906,4438751
2018-09-26,29.77461051940918,16824771
2018-09-27,29.450977325439453,10862956
2018-09-28,31.230972290039062,46361924
2018-10-01,31.06916046142578,14246225
2018-10-02,30.745527267456055,16184028
2018-10-03,31.716434478759766,47310528
2018-10-04,31.06916046142578,17931897
2018-10-05,30.90734100341797,7747218
2018-10-08,30.098247528076172,10877863
2018-10-09,29.127334594726562,11340253
2018-10-10,29.936431884765625,13708900
2018-10-11,29.127334594726562,15143984
2018-10-12,30.260066986083984,14827073
2018-10-16,30.583698272705078,12093599
2018-10-17,29.77461051940918,7983071
2018-10-18,29.289161682128906,11600729
2018-10-19,27.83279037475586,37007257
2018-10-22,27.347333908081055,11996303
2018-10-24,26.86187744140625,7843849
2018-10-25,27.185516357421875,21389702
2018-10-26,27.023693084716797,10925646
2018-10-29,26.700057983398438,10464854
2018-10-30,27.670969009399414,10945079
2018-10-31,28.80370330810547,10299144
2018-11-01,28.48006248474121,5894466
2018-11-02,30.098247528076172,14670947
2018-11-05,30.098247528076172,6130586
2018-11-06,30.098247528076172,7480885
2018-11-07,30.4218807220459,9487368
2018-11-08,30.90734100341797,21423642
2018-11-09,30.90734100341797,6371630
2018-11-12,30.098247528076172,7721929
2018-11-13,30.583698272705078,11805437
2018-11-14,30.583698272705078,4641063
2018-11-15,29.450977325439453,24462848
2018-11-16,29.77461051940918,8144122
2018-11-19,29.77461051940918,3686603
2018-11-20,28.156423568725586,15855803
2018-11-21,29.936431884765625,15865120
2018-11-22,29.612794876098633,9630184
2018-11-23,30.098247528076172,15788588
2018-11-26,31.06916046142578,12706524
2018-11-27,31.878252029418945,19321594
2018-11-28,31.878252029418945,5244539
2018-11-29,32.20188522338867,20719011
2018-11-30,32.363704681396484,11482670
2018-12-03,32.687347412109375,8222918
2018-12-04,31.878252029418945,14416859
2018-12-06,32.04008102416992,7984669
2018-12-07,32.363704681396484,5830844
2018-12-11,31.230972290039062,9135052
2018-12-12,31.554609298706055,3863094
2018-12-13,31.06916046142578,4383648
2018-12-14,30.4218807220459,7757600
2018-12-17,29.612794876098633,7967632
2018-12-18,29.77461051940918,5774543
2018-12-19,30.90734100341797,7599876
2018-12-20,30.4218807220459,14011570
2018-12-21,30.4218807220459,9147696
2018-12-24,30.4218807220459,4171886
2018-12-25,28.80370330810547,6853585
2018-12-26,29.612794876098633,7216948
2018-12-27,29.127334594726562,7292415
2018-12-28,29.127334594726562,10855236
2019-01-02,28.96552085876465,6952478
2019-01-03,29.289161682128906,6292036
2019-01-04,30.90734100341797,13033418
2019-01-07,31.392797470092773,6658726
2019-01-08,31.554609298706055,3251100
2019-01-09,31.716434478759766,6316127
2019-01-10,31.554609298706055,3009790
2019-01-11,31.554609298706055,3887185
2019-01-14,31.230972290039062,3757945
2019-01-15,30.260066986083984,6802208
2019-01-16,29.77461051940918,17704962
2019-01-17,29.77461051940918,7122314
2019-01-18,28.80370330810547,13168514
2019-01-21,29.127334594726562,5279145
2019-01-22,30.745527267456055,12086944
2019-01-23,31.392797470092773,15704069
2019-01-24,31.392797470092773,5226570
2019-01-25,31.716434478759766,4500643
2019-01-28,30.583698272705078,4182135
2019-01-29,30.90734100341797,4185196
2019-01-30,30.745527267456055,3407892
2019-01-31,31.554609298706055,8691296
2019-02-01,32.84916305541992,16902369
2019-02-04,33.33462142944336,12772675
2019-02-05,32.84916305541992,7246496
2019-02-06,33.981895446777344,12254250
2019-02-07,34.143714904785156,7261536
2019-02-08,33.65825653076172,9779788
2019-02-11,33.01097869873047,7790476
2019-02-12,33.8200798034668,7683729
2019-02-13,33.981895446777344,8675591
2019-02-14,33.65825653076172,5373779
2019-02-15,32.5255241394043,10949870
2019-02-18,31.230972290039062,12721298
2019-02-20,32.5255241394043,13373355
2019-02-21,32.5255241394043,5211131
2019-02-22,32.687347412109375,7389712
2019-02-25,33.01097869873047,11010165
2019-02-26,32.363704681396484,9311143
2019-02-27,33.01097869873047,10896630
2019-02-28,32.5255241394043,5288861
2019-03-01,31.392797470092773,5837899
2019-03-04,31.392797470092773,6270873
2019-03-05,31.554609298706055,4753932
2019-03-06,30.90734100341797,7082251
2019-03-07,31.554609298706055,4240432
2019-03-08,31.392797470092773,2162342
2019-03-11,31.716434478759766,4331739
2019-03-12,32.20188522338867,3716551
2019-03-13,33.01097869873047,13379744
2019-03-14,33.01097869873047,7696773
2019-03-15,32.84916305541992,2966932
2019-03-18,33.49643325805664,8196963
2019-03-19,34.143714904785156,12788381
2019-03-20,34.62916564941406,15602514
2019-03-21,34.62916564941406,8406862
2019-03-22,34.30552673339844,7012240
2019-03-25,33.981895446777344,3278386
2019-03-26,33.65825653076172,4722654
2019-03-27,34.30552673339844,3984481
2019-03-28,34.30552673339844,3645076
2019-03-29,34.30552673339844,5512735
2019-04-01,34.95280838012695,7214153
2019-04-02,35.60007858276367,14032333
2019-04-03,35.114627838134766,4357294
2019-04-04,34.790985107421875,3503724
2019-04-05,34.790985107421875,8395282
2019-04-09,34.467350006103516,7836395
2019-04-10,34.30552673339844,9616475
2019-04-11,34.467350006103516,6704113
2019-04-12,34.467350006103516,3371289
2019-04-17,36.085533142089844,19663129
2019-04-18,36.409175872802734,10069281
2019-04-19,36.247352600097656,4042380
2019-04-22,36.085533142089844,9088733
2019-04-23,34.790985107421875,16673703
2019-04-24,35.27644729614258,8512942
2019-04-25,34.790985107421875,12160016
2019-04-26,34.95280838012695,6587651
2019-04-29,35.761898040771484,6745774
2019-04-30,35.43825912475586,8187513
2019-05-02,35.761898040771484,7055231
2019-05-03,37.03293228149414,10696158
2019-05-07,36.85489273071289,6332898
2019-05-08,35.252498626708984,18102084
2019-05-09,35.608585357666016,12027279
2019-05-10,35.608585357666016,7918240
2019-05-13,35.430545806884766,3967711
2019-05-14,35.074459075927734,5226716
2019-05-15,35.252498626708984,6128771
2019-05-16,34.18424606323242,15358167
2019-05-17,32.581851959228516,22241010
2019-05-21,32.581851959228516,5915690
2019-05-22,34.89641571044922,10596817
2019-05-23,34.7183723449707,8715630
2019-05-24,35.252498626708984,9712670
2019-05-27,35.608585357666016,6481123
2019-05-28,36.32075881958008,19291151
2019-05-29,35.252498626708984,9741347
2019-05-30,35.430545806884766,3577002
2019-05-31,35.430545806884766,5929121
2019-06-04,37.03293228149414,14240369
2019-06-05,37.56705856323242,17977938
2019-06-06,37.38901138305664,6841703
2019-06-07,37.56705856323242,5525586
2019-06-10,38.457275390625,11837793
2019-06-11,38.457275390625,10097571
2019-06-12,37.92314147949219,7407499
2019-06-13,38.8133544921875,7992655
2019-06-14,38.457275390625,4446750
2019-06-17,38.1011848449707,3378078
2019-06-18,38.63531494140625,5938196
2019-06-19,39.703575134277344,18380747
2019-06-20,39.703575134277344,7894161
2019-06-21,39.34748840332031,5190900
2019-06-24,39.52552795410156,3111152
2019-06-25,38.99140167236328,11669845
2019-06-26,38.99140167236328,3363195
2019-06-27,39.88161849975586,10200905
2019-06-28,40.05965805053711,28678815
2019-07-01,41.1279182434082,11576675
2019-07-02,40.41574478149414,6372949
2019-07-03,40.59378433227539,3913866
2019-07-04,39.88161849975586,7937963
2019-07-05,40.05965805053711,5276689
2019-07-08,39.52552795410156,4071529
2019-07-09,38.63531494140625,9195395
2019-07-10,39.703575134277344,11070532
2019-07-11,39.52552795410156,6811211
2019-07-12,39.16944122314453,5386194
2019-07-15,38.63531494140625,4180429
2019-07-17,38.457275390625,7046193
2019-07-18,39.52552795410156,7250441
2019-07-19,40.237701416015625,9303448
2019-07-22,39.52552795410156,5483478
2019-07-23,39.16944122314453,5524255
2019-07-24,39.34748840332031,3956095
2019-07-25,39.52552795410156,6270341
2019-07-26,38.8133544921875,5113702
2019-07-30,38.63531494140625,3962992
2019-07-31,38.99140167236328,9439331
2019-08-01,38.99140167236328,6353105
2019-08-02,38.8133544921875,13423982
2019-08-05,37.56705856323242,8998528
2019-08-06,38.8133544921875,7832814
2019-08-07,40.94987487792969,30421336
2019-08-08,38.8133544921875,15915130
2019-08-09,35.96466827392578,26585999
2019-08-13,34.7183723449707,14282961
2019-08-14,35.252498626708984,10816553
2019-08-15,36.85489273071289,31473189
2019-08-16,38.63531494140625,22669471
2019-08-19,38.8133544921875,6073111
2019-08-20,38.1011848449707,7597469
2019-08-21,38.99140167236328,5233492
2019-08-22,39.16944122314453,9839115
2019-08-23,38.99140167236328,4242623
2019-08-26,38.457275390625,7285773
2019-08-27,38.63531494140625,2947076
2019-08-28,38.99140167236328,3148420
2019-08-29,39.703575134277344,5995913
2019-08-30,39.703575134277344,5647312
2019-09-02,40.05965805053711,5637753
2019-09-03,39.703575134277344,3864014
2019-09-04,40.05965805053711,6227386
2019-09-05,41.66204833984375,16590552
2019-09-06,41.1279182434082,5296291
2019-09-09,40.77183151245117,1908049
2019-09-10,40.77183151245117,3441724
2019-09-11,39.16944122314453,14483700
2019-09-12,39.703575134277344,4951199
2019-09-13,39.34748840332031,6649676
2019-09-16,39.16944122314453,1558843
2019-09-17,40.59378433227539,12041678
2019-09-18,40.94987487792969,10779648
2019-09-19,40.05965805053711,4818946
2019-09-20,39.34748840332031,6315595
2019-09-23,39.16944122314453,3747975
2019-09-24,38.27922821044922,7224063
2019-09-25,38.8133544921875,8093327
2019-09-26,40.41574478149414,13785167
2019-09-27,40.77183151245117,12657326
2019-09-30,40.77183151245117,7190183
2019-10-01,40.05965805053711,4656080
2019-10-02,39.52552795410156,6573567
2019-10-03,39.88161849975586,4363139
2019-10-04,40.59378433227539,7649862
2019-10-07,40.77183151245117,5497635
2019-10-08,41.484004974365234,9476841
2019-10-09,41.484004974365234,3489035
2019-10-10,41.484004974365234,5716766
2019-10-11,42.37421798706055,10093941
2019-10-15,43.79856491088867,19198102
2019-10-16,44.15464782714844,9607279
2019-10-17,44.68877410888672,7768442
2019-10-18,44.68877410888672,18149637
2019-10-21,44.68877410888672,6523110
2019-10-22,45.57898712158203,7050307
2019-10-24,45.57898712158203,7910375
2019-10-25,45.40093994140625,14336322
2019-10-28,45.935081481933594,9072096
2019-10-29,46.469200134277344,11710380
2019-10-30,45.57898712158203,14864487
2019-10-31,45.935081481933594,11960124
2019-11-01,45.935081481933594,6363390
2019-11-04,46.64725112915039,11079849
2019-11-05,44.33268737792969,25794901
2019-11-06,44.68877410888672,14454902
2019-11-07,44.68877410888672,7090600
2019-11-08,45.75703048706055,22270776
2019-11-11,45.40093994140625,9154618
2019-11-12,45.044864654541016,8846915
2019-11-13,44.51073455810547,7044499
2019-11-14,45.044864654541016,9856418
2019-11-15,44.68877410888672,5116606
2019-11-18,45.75703048706055,7835597
2019-11-19,46.113121032714844,7266171
2019-11-20,45.935081481933594,5239663
2019-11-21,45.75703048706055,6520932
2019-11-22,45.935081481933594,8439387
2019-11-25,46.469200134277344,11150029
2019-11-26,45.222904205322266,77596695
2019-11-27,45.40093994140625,9922484
2019-11-28,44.33268737792969,11568568
2019-11-29,44.68877410888672,10492636
2019-12-02,43.97660446166992,3741078
2019-12-03,44.68877410888672,5733585
2019-12-04,44.68877410888672,4696010
2019-12-06,44.51073455810547,7086607
2019-12-09,43.44247817993164,8043475
2019-12-11,44.33268737792969,7133676
2019-12-12,45.57898712158203,9174220
2019-12-13,45.222904205322266,4245406
2019-12-16,44.8668212890625,3604469
2019-12-17,45.40093994140625,6307488
2019-12-18,45.935081481933594,2847130
2019-12-19,46.82529067993164,9433644
2019-12-20,47.35942077636719,7694511
2019-12-23,48.07158660888672,7842010
2019-12-24,48.249637603759766,5306697
2019-12-25,48.07158660888672,1446918
2019-12-26,48.07158660888672,2057726
2019-12-27,48.249637603759766,4496723
2019-12-30,48.78376007080078,6756519
2020-01-02,48.427677154541016,3955853
2020-01-03,48.60572052001953,4602598
2020-01-06,47.71550369262695,5281650
2020-01-07,50.030067443847656,14532705
2020-01-08,49.495933532714844,6810364
2020-01-09,49.495933532714844,4624257
2020-01-10,49.852020263671875,3557763
2020-01-13,50.20811080932617,5369012
2020-01-14,49.852020263671875,7562863
2020-01-15,49.673980712890625,3333792
2020-01-16,48.9618034362793,5763230
2020-01-17,50.20811080932617,5336584
2020-01-20,50.030067443847656,2595692
2020-01-21,49.13984298706055,3869338
2020-01-22,50.9202766418457,8297575
2020-01-23,52.87874984741211,6550577
2020-01-24,52.700706481933594,3571436
2020-01-27,52.16657638549805,7511922
2020-01-28,51.276363372802734,9513625
2020-01-29,52.16657638549805,4192045
2020-01-30,54.303096771240234,7036876
2020-01-31,53.412879943847656,5331986
2020-02-03,52.87874984741211,6237066
2020-02-04,53.76896667480469,7199742
2020-02-05,53.412879943847656,11446600
2020-02-06,54.48114013671875,13702766
2020-02-07,54.837223052978516,8098167
2020-02-11,54.6591796875,3532958
2020-02-12,55.90548324584961,5324242
2020-02-13,55.37134552001953,3718209
2020-02-14,56.083518981933594,13043558
2020-02-17,54.303096771240234,18093130
2020-02-18,53.05678939819336,8745154
2020-02-19,50.74223327636719,24875543
2020-02-20,49.673980712890625,13617098
2020-02-21,52.3446159362793,10473276
2020-02-24,50.56418228149414,8419543
2020-02-25,52.522666931152344,12877425
2020-02-26,49.852020263671875,13171213
2020-02-27,50.74223327636719,13207634
2020-02-28,47.89354705810547,12707057
2020-03-02,45.40093994140625,20014973
2020-03-03,48.249637603759766,13990625
2020-03-04,48.60572052001953,10219539
2020-03-05,49.31789016723633,11837551
2020-03-06,47.71550369262695,9813221
2020-03-09,45.40093994140625,9971610
2020-03-10,46.82529067993164,8826587
2020-03-11,44.15464782714844,7363697
2020-03-12,37.56705856323242,17495148
2020-03-13,40.41574478149414,23038400
2020-03-16,36.1427116394043,10518651
2020-03-17,33.650115966796875,15947437
2020-03-18,32.403812408447266,12000780
2020-03-19,30.08925437927246,15455451
2020-03-20,34.54032897949219,25068296
2020-03-23,29.37708282470703,13206303
2020-03-24,25.638181686401367,24177857
2020-03-25,25.994266510009766,20872016
2020-03-26,29.020994186401367,21204161
2020-03-27,30.97947120666504,16826381
2020-03-30,29.020994186401367,1000307
2020-03-31,30.26729965209961,17019134
2020-04-01,26.350353240966797,27962858
2020-04-02,27.774694442749023,24017048
2020-04-03,26.52839469909668,22229394
2020-04-07,29.73316764831543,36144515
2020-04-08,32.225765228271484,45814956
2020-04-09,33.82815933227539,31123378
2020-04-10,36.85489273071289,32769462
2020-04-13,38.457275390625,34492381
2020-04-14,36.498802185058594,35245122
2020-04-15,35.252498626708984,31295924
2020-04-16,33.82815933227539,15783845
2020-04-17,36.498802185058594,27635432
2020-04-20,38.8133544921875,22410531
2020-04-21,38.1011848449707,13339645
2020-04-22,37.56705856323242,25012031
2020-04-23,37.745094299316406,13904110
2020-04-24,37.03293228149414,20027315
2020-04-27,37.92314147949219,10514174
2020-04-28,38.457275390625,35649020
2020-04-29,38.1011848449707,12781351
2020-04-30,38.27922821044922,9657736
2020-05-05,37.38901138305664,8085220
2020-05-07,36.32075881958008,14615711
2020-05-08,36.1427116394043,8487787
2020-05-11,37.745094299316406,14422595
2020-05-12,37.92314147949219,6736917
2020-05-13,38.8133544921875,19191689
2020-05-14,38.27922821044922,13196865
2020-05-15,38.63531494140625,16534045
2020-05-18,37.92314147949219,16367912
2020-05-19,38.1011848449707,25819343
2020-05-20,40.237701416015625,38775055
2020-05-21,42.018131256103516,28027109
2020-05-22,41.840091705322266,25471589
2020-05-25,41.66204833984375,11318824
2020-05-26,41.66204833984375,13698289
2020-05-27,40.94987487792969,12810391
2020-05-28,39.16944122314453,35045593
2020-05-29,40.59378433227539,22337689
2020-06-01,39.88161849975586,14045922
2020-06-02,40.05965805053711,13490532
2020-06-04,40.77183151245117,20849752
2020-06-05,42.018131256103516,26369046
2020-06-08,43.79856491088867,31828687
2020-06-09,42.73030090332031,20877945
2020-06-10,43.08639144897461,12048938
2020-06-11,45.40093994140625,33086724
2020-06-12,46.64725112915039,24970044
2020-06-15,43.44247817993164,23407571
2020-06-16,43.44247817993164,17710649
2020-06-17,42.018131256103516,29266996
2020-06-18,40.94987487792969,43041999
2020-06-19,40.77183151245117,14704646
2020-06-22,38.27922821044922,28107574
2020-06-23,37.210975646972656,27506688
2020-06-24,37.38901138305664,22419848
2020-06-25,36.85489273071289,18215461
2020-06-26,36.32075881958008,14128081
2020-06-29,36.67684555053711,8255225
2020-06-30,36.67684555053711,12831082
2020-07-01,37.56705856323242,11263890
2020-07-02,38.8133544921875,15518492
2020-07-03,38.1011848449707,7607996
2020-07-07,37.745094299316406,8713815
2020-07-08,36.67684555053711,11907247
2020-07-09,37.03293228149414,5944367
2020-07-10,36.1427116394043,8024962
2020-07-13,35.074459075927734,13823524
2020-07-14,35.608585357666016,11800646
2020-07-15,37.03293228149414,10150327
2020-07-16,37.03293228149414,7624331
2020-07-17,37.56705856323242,3893659
2020-07-20,36.1427116394043,12565245
2020-07-21,36.498802185058594,8611933
2020-07-22,36.85489273071289,14768534
2020-07-23,38.63531494140625,23504492
2020-07-24,36.85489273071289,29886274
2020-07-29,34.89641571044922,23198362
2020-07-30,33.82815933227539,16364766
2020-07-31,34.18424606323242,10766701
2020-08-03,33.82815933227539,8021453
2020-08-04,35.252498626708984,15556365
2020-08-05,32.93794250488281,46127620
2020-08-06,33.782501220703125,9828951
2020-08-07,33.782501220703125,6718888
2020-08-10,33.048099517822266,9065804
2020-08-11,34.33330535888672,21617013
2020-08-13,34.14970779418945,16687352
2020-08-14,34.14970779418945,14529196
2020-08-17,33.782501220703125,13525501
2020-08-18,34.14970779418945,8529532
2020-08-19,32.68090057373047,15135043
2020-08-20,33.415306091308594,8130474
2020-08-21,32.13010025024414,9046081
2020-08-24,32.31370162963867,14153007
2020-08-25,31.946500778198242,10352034
2020-08-26,35.067710876464844,42632656
2020-08-27,35.067710876464844,29955365
2020-08-28,35.251312255859375,15857413
2020-08-31,33.598907470703125,17215880
2020-09-01,34.14970779418945,8652226
2020-09-02,33.598907470703125,14290100
2020-09-03,33.048099517822266,9030351
2020-09-08,32.4973030090332,7051033
2020-09-09,35.43490982055664,30265488
2020-09-10,34.88411331176758,10238657
2020-09-11,33.96610641479492,11887040
2020-09-14,33.598907470703125,6293694
2020-09-15,33.96610641479492,5079580
2020-09-16,35.8021125793457,32468535
2020-09-17,34.88411331176758,13715350
2020-09-18,35.251312255859375,12065152
2020-09-21,35.43490982055664,17762074
2020-09-22,35.98571014404297,13410793
2020-09-23,37.087318420410156,30670233
2020-09-24,36.169315338134766,29943628
2020-09-25,36.720115661621094,11287122
2020-09-28,36.720115661621094,10073371
2020-09-29,35.98571014404297,8008748
2020-09-30,35.8021125793457,6461642
2020-10-01,36.53651428222656,8270592
2020-10-02,35.618507385253906,8651379
2020-10-05,35.618507385253906,4957612
2020-10-06,36.720115661621094,10035256
2020-10-07,37.27091598510742,19944430
2020-10-08,36.90371322631836,13467058
2020-10-09,35.43490982055664,19109530
2020-10-12,35.98571014404297,8931131
2020-10-14,35.8021125793457,5347716
2020-10-15,34.51690673828125,16459025
2020-10-16,35.067710876464844,6548762
2020-10-19,34.33330535888672,6416025
2020-10-20,33.96610641479492,13507593
2020-10-21,33.598907470703125,12953292
2020-10-22,34.88411331176758,19301678
2020-10-26,35.067710876464844,8028592
2020-10-27,35.43490982055664,6009102
2020-10-28,36.53651428222656,16130631
2020-10-29,35.98571014404297,6164587
2020-10-30,36.35291290283203,14147683
2020-11-02,37.27091598510742,7914126
2020-11-03,38.37251663208008,21679328
2020-11-04,37.45451736450195,15594964
2020-11-05,38.923316955566406,21520576
2020-11-06,38.73971939086914,11927454
2020-11-09,38.73971939086914,8542600
2020-11-10,38.556121826171875,17169900
2020-11-11,40.39212417602539,23925814
2020-11-12,39.657718658447266,28707008
2020-11-13,39.29052734375,25551933
2020-11-16,39.47412109375,26935326
2020-11-17,40.39212417602539,32725902
2020-11-18,40.208526611328125,37444418
2020-11-19,40.024925231933594,20501151
2020-11-20,40.57572555541992,14406018
2020-11-23,40.57572555541992,19544283
2020-11-24,40.024925231933594,20440288
2020-11-25,42.4117317199707,60319831
2020-11-26,43.14613723754883,27481883
2020-11-27,43.696937561035156,15984584
2020-11-30,42.778934478759766,20862215
2020-12-01,42.96253204345703,16592004
2020-12-02,42.778934478759766,11631730
2020-12-03,43.51333236694336,13622906
2020-12-04,45.16573715209961,21356742
2020-12-08,45.5329475402832,17511846
2020-12-09,45.16573715209961,15618680
2020-12-14,45.71654510498047,10594034
2020-12-15,46.083744049072266,22417549
2020-12-16,45.900142669677734,13177747
2020-12-17,47.001747131347656,13770042
2020-12-18,48.10335159301758,20041835
2020-12-21,44.43133544921875,24482898
2020-12-22,47.18535232543945,20512525
2020-12-23,46.083744049072266,19849082
2020-12-24,47.36894989013672,13841795
2020-12-25,49.755760192871094,30377776
2020-12-28,48.10335159301758,18088774
2020-12-29,49.388553619384766,13792064
2020-12-30,48.28695297241211,17424363
2021-01-04,48.83774948120117,14622729
2021-01-05,49.02135467529297,17510757
2021-01-06,48.10335159301758,13551032
2021-01-07,50.85736083984375,65840093
2021-01-08,51.040958404541016,27210722
2021-01-11,51.775360107421875,15367121
2021-01-12,51.591758728027344,12450174
2021-01-13,51.040958404541016,14882516
2021-01-14,50.67375946044922,9119286
2021-01-15,49.939353942871094,11592647
2021-01-18,49.755760192871094,8959929
2021-01-19,51.040958404541016,9149778
2021-01-20,51.40815353393555,14326400
2021-01-21,50.30655288696289,10256807
2021-01-22,48.65414810180664,22560692
2021-01-25,50.67375946044922,17419160
2021-01-26,50.30655288696289,12777116
2021-01-27,51.958961486816406,32652697
2021-01-28,48.65414810180664,46706605
2021-01-29,49.2049560546875,18101479
2021-02-01,48.83774948120117,9024785
2021-02-02,49.2049560546875,9059391
2021-02-03,49.388553619384766,12174173
2021-02-04,49.02135467529297,9758166
2021-02-05,49.02135467529297,4517051
2021-02-08,49.2049560546875,13371105
2021-02-09,49.939353942871094,17936798
2021-02-10,49.755760192871094,7347483
2021-02-11,49.388553619384766,6271309
2021-02-15,48.83774948120117,7193450
2021-02-16,49.2049560546875,8489239
2021-02-17,48.28695297241211,14587881
2021-02-18,47.36894989013672,21008867
2021-02-19,46.818145751953125,17042245
2021-02-22,45.71654510498047,13992077
2021-02-23,46.818145751953125,12518902
2021-02-24,46.45094680786133,7605576
2021-02-25,46.26734161376953,10806389
2021-03-01,46.26734161376953,35690523
2021-03-02,51.22455978393555,35950915
2021-03-03,52.8769645690918,34955932
2021-03-04,57.650577545166016,43110848
2021-03-05,56.91617202758789,33820105
2021-03-08,61.506187438964844,68855292
2021-03-09,60.40459060668945,32153693
2021-03-10,61.322593688964844,26962551
2021-03-11,60.03738784790039,21044683
2021-03-12,60.22098159790039,13373041
2021-03-15,60.03738784790039,7869961
2021-03-16,61.13898849487305,38058493
2021-03-17,60.58818435668945,7947038
2021-03-18,60.22098159790039,11402435
2021-03-19,60.40459060668945,5676594
2021-03-22,61.13898849487305,9834638
2021-03-23,61.322593688964844,20163803
2021-03-24,63.70940017700195,35066768
2021-03-25,62.4241943359375,34946010
2021-03-26,62.240596771240234,13670701
2021-03-29,62.240596771240234,8908746
2021-03-30,62.97500228881836,15228455
2021-03-31,62.6077880859375,7466789
2021-04-01,63.15859603881836,10348767
2021-04-02,62.7913932800293,4916472
2021-04-05,62.7913932800293,6351774
2021-04-07,60.771785736083984,17551171
2021-04-08,60.03738784790039,15208248
2021-04-09,62.7913932800293,27101459
2021-04-12,60.03738784790039,23141855
2021-04-16,60.40459060668945,13307217
2021-04-19,61.322593688964844,29520612
2021-04-20,64.81099700927734,103780732
2021-04-21,64.81099700927734,24170718
2021-04-22,61.322593688964844,54122211
2021-04-23,60.22098159790039,31268578
2021-04-26,61.87338638305664,25712863
2021-04-27,60.95539093017578,21983280
2021-04-28,61.506187438964844,13705791
2021-04-29,61.322593688964844,13529252
2021-04-30,61.13898849487305,9335634
2021-05-05,58.17399215698242,38854915
2021-05-06,60.613548278808594,29739017
2021-05-07,61.927154541015625,15374623
2021-05-10,60.42588806152344,23556280
2021-05-11,58.73696517944336,19237548
2021-05-12,54.79615020751953,55428164
2021-05-13,55.546783447265625,39836467
2021-05-14,53.67020034790039,46949089
2021-05-17,55.17146301269531,25598397
2021-05-18,54.23317337036133,31654326
2021-05-19,54.79615020751953,19148129
2021-05-20,54.60849380493164,18758751
2021-05-21,54.79615020751953,12461548
2021-05-24,55.17146301269531,9237987
2021-05-25,57.2357063293457,33021263
2021-05-27,56.6727294921875,23929565
2021-05-28,56.48507308959961,14497857
2021-05-31,56.48507308959961,8017460
2021-06-01,57.98633575439453,15378737
2021-06-02,56.86038589477539,16215815
2021-06-04,56.29741668701172,8689131
2021-06-07,55.546783447265625,8428255
2021-06-08,55.35912322998047,8222676
2021-06-09,55.922096252441406,5180494
2021-06-10,56.10974884033203,10166057
2021-06-11,58.17399215698242,20359823
2021-06-14,56.86038589477539,11714373
2021-06-15,55.17146301269531,14918695
2021-06-16,54.420833587646484,12204423
2021-06-17,54.420833587646484,4333615
2021-06-18,54.79615020751953,7591177
2021-06-21,54.23317337036133,7744363
2021-06-22,54.04551696777344,7446461
2021-06-23,52.9195671081543,11254936
2021-06-24,51.605960845947266,37478540
2021-06-25,51.98128128051758,9812132
2021-06-28,52.35659408569336,11169873
2021-06-29,52.54425048828125,8293703
2021-06-30,51.605960845947266,8433095
2021-07-01,52.9195671081543,12945790
2021-07-02,51.98128128051758,11654236
2021-07-05,51.98128128051758,4299372
2021-07-06,52.54425048828125,10962600
2021-07-07,52.35659408569336,9483859
2021-07-08,50.2923583984375,17018166
2021-07-09,51.605960845947266,16282002
2021-07-12,51.605960845947266,4147396
2021-07-13,53.10722732543945,10253056
2021-07-14,53.67020034790039,11790603
2021-07-15,52.54425048828125,13226147
2021-07-16,53.29488754272461,7476227
2021-07-19,52.731910705566406,3967348
2021-07-20,51.79362106323242,7615135
2021-07-21,51.98128128051758,6628017
2021-07-22,51.79362106323242,4520076
2021-07-23,51.23064422607422,4467804
2021-07-27,50.480010986328125,6733287
2021-07-29,48.79109191894531,17428598
2021-07-30,48.04045867919922,12053778
2021-08-02,47.85280227661133,6856586
2021-08-03,49.16640853881836,11355729
2021-08-04,50.10470199584961,12305458
2021-08-05,50.10470199584961,5352435
2021-08-06,49.91703796386719,7457351
2021-08-09,50.66767120361328,6467087
2021-08-10,49.91703796386719,11173140
2021-08-11,47.66514205932617,26779478
2021-08-13,47.85280227661133,9325954
2021-08-16,48.22812271118164,10445567
2021-08-17,48.04045867919922,9481560
2021-08-18,50.66767120361328,28946951
2021-08-19,50.66767120361328,11787336
2021-08-20,50.66767120361328,14239643
2021-08-23,52.9195671081543,23864951
2021-08-24,52.731910705566406,11766403
2021-08-25,52.9195671081543,14157605
2021-08-26,52.54425048828125,13345816
2021-08-27,53.10722732543945,14415335
2021-08-30,53.482540130615234,13741002
2021-08-31,53.85785675048828,14201286
2021-09-01,53.10722732543945,14881185
2021-09-02,52.9195671081543,11780318
2021-09-03,52.9195671081543,6060890
2021-09-06,51.98128128051758,7920176
2021-09-07,51.605960845947266,9508664
2021-09-08,51.605960845947266,6899541
2021-09-09,51.23064422607422,6311239
2021-09-10,51.79362106323242,7154246
2021-09-13,52.35659408569336,10730522
2021-09-14,52.54425048828125,9729126
2021-09-15,53.482540130615234,11568689
2021-09-16,53.482540130615234,7078984
2021-09-17,53.29488754272461,10523370
2021-09-20,51.79362106323242,11173503
2021-09-21,51.41830062866211,17948656
2021-09-22,50.66767120361328,16739382
2021-09-23,48.79109191894531,37161399
2021-09-27,47.66514205932617,24845293
2021-09-28,47.66514205932617,15056998
2021-09-29,47.47748565673828,8987396
2021-09-30,47.289825439453125,9862105
2021-10-01,47.47748565673828,8996955
2021-10-04,47.66514205932617,20698744
2021-10-05,48.04045867919922,7504904
2021-10-06,47.85280227661133,5554505
2021-10-07,48.97874450683594,16939516
2021-10-08,48.79109191894531,3540944
2021-10-11,47.85280227661133,9493297
2021-10-12,48.22812271118164,5275842
2021-10-14,47.85280227661133,11703483
2021-10-15,47.66514205932617,4484865
2021-10-18,47.47748565673828,6808307
2021-10-19,47.66514205932617,16669807
2021-10-20,47.85280227661133,3657225
2021-10-21,48.04045867919922,4915383
2021-10-25,47.85280227661133,3849252
2021-10-26,47.1021728515625,10357842
2021-10-27,46.72685241699219,7568066
2021-10-28,46.72685241699219,4105893
2021-10-29,48.04045867919922,27058262
2021-11-01,47.289825439453125,9311071
2021-11-02,47.1021728515625,4433924
2021-11-03,47.47748565673828,7955992
2021-11-04,48.60343551635742,25865081
2021-11-05,48.60343551635742,5623959
2021-11-08,47.85280227661133,7613441
2021-11-09,48.04045867919922,3621530
2021-11-10,47.289825439453125,15461864
2021-11-11,47.1021728515625,5354250
2021-11-12,47.289825439453125,5756454
2021-11-15,47.289825439453125,7350266
2021-11-16,47.47748565673828,6918538
2021-11-17,50.66767120361328,51157711
2021-11-18,50.66767120361328,19678351
2021-11-19,49.7293815612793,17822090
2021-11-22,49.541725158691406,5890885
2021-11-23,48.60343551635742,12912999
2021-11-24,48.04045867919922,9222862
2021-11-25,47.85280227661133,5802313
2021-11-26,47.1021728515625,15782514
2021-11-29,46.163875579833984,16580630
2021-11-30,45.03792953491211,18346141
2021-12-01,45.03792953491211,14129533
2021-12-02,44.47495651245117,10444962
2021-12-03,44.47495651245117,4020588
2021-12-07,44.47495651245117,7290976
2021-12-08,45.78856658935547,17113635
2021-12-09,45.976219177246094,15705437
2021-12-13,46.53919982910156,8399457
2021-12-14,46.53919982910156,4665155
2021-12-15,46.163875579833984,4672778
2021-12-16,46.53919982910156,8647628
2021-12-17,46.163875579833984,6182858
2021-12-20,45.03792953491211,8768144
2021-12-21,44.85027313232422,4068746
2021-12-22,45.03792953491211,2987127
2021-12-23,44.66261672973633,5413540
2021-12-24,44.85027313232422,3723291
2021-12-27,45.03792953491211,6832023
2021-12-28,45.41324234008789,4301671
2021-12-29,45.976219177246094,6530249
2021-12-30,46.351539611816406,9581143
2022-01-04,46.72685241699219,8184440
2022-01-05,46.914512634277344,4205839
2022-01-06,45.976219177246094,6992590
2022-01-07,45.60090637207031,4648578
2022-01-10,45.976219177246094,3244373
2022-01-11,46.351539611816406,7598800
2022-01-12,46.351539611816406,6857433
2022-01-13,48.60343551635742,38027638
2022-01-14,49.91703796386719,17615664
2022-01-17,50.2923583984375,11285186
2022-01-18,48.97874450683594,16241467
2022-01-19,47.85280227661133,7284200
2022-01-20,47.66514205932617,6578891
2022-01-21,47.1021728515625,6702674
2022-01-24,47.289825439453125,4525279
2022-01-25,45.976219177246094,13391433
2022-01-26,45.225589752197266,9019219
2022-01-27,45.03792953491211,11360932
2022-01-28,44.66261672973633,5706481
2022-01-31,45.225589752197266,3413047
2022-02-01,45.78856658935547,6124899
2022-02-02,46.163875579833984,8301084
2022-02-03,47.47748565673828,17915018
2022-02-04,47.66514205932617,6239849
2022-02-07,48.04045867919922,8513076
2022-02-08,47.85280227661133,5563580
2022-02-09,47.85280227661133,7721010
2022-02-10,47.47748565673828,18427090
2022-02-11,47.1021728515625,8582893
2022-02-14,46.53919982910156,5043159
2022-02-15,45.60090637207031,18686877
2022-02-17,44.85027313232422,9416946
2022-02-18,44.85027313232422,6590749
2022-02-21,44.47495651245117,8683444
2022-02-22,43.91197967529297,12922800
2022-02-23,44.287296295166016,7341675
2022-02-24,42.973690032958984,11131274
2022-02-25,43.3490104675293,5692566
2022-02-28,43.3490104675293,7679265
2022-03-01,43.72432327270508,12373581
2022-03-02,43.161354064941406,8671586
2022-03-03,43.72432327270508,7822287
2022-03-04,43.72432327270508,20009770
2022-03-07,42.41071701049805,12695199
2022-03-08,41.28477096557617,37474063
2022-03-09,41.66008377075195,15987004
2022-03-10,42.035404205322266,18319642
2022-03-11,41.847747802734375,15258221
2022-03-14,41.66008377075195,11480843
2022-03-15,40.909454345703125,10825991
2022-03-16,42.41071701049805,19989926
2022-03-17,43.72432327270508,19406827
2022-03-18,43.72432327270508,8265752
2022-03-21,43.91197967529297,7153157
2022-03-22,42.41071701049805,21722404
2022-03-23,42.78603744506836,5359695
2022-03-24,42.59837341308594,5130279
2022-03-25,42.41071701049805,3157495
2022-03-28,42.22305679321289,4851979
2022-03-29,42.41071701049805,4613972
2022-03-30,42.973690032958984,9213908
2022-03-31,42.78603744506836,3077877
2022-04-01,42.973690032958984,5938196
2022-04-04,42.973690032958984,3795528
2022-04-05,42.035404205322266,10965988
2022-04-07,41.47242736816406,8355050
2022-04-08,40.72179412841797,16285269
2022-04-11,40.53413391113281,5765287
2022-04-12,39.78350067138672,12001748
2022-04-18,40.34648132324219,9107065
2022-04-19,40.72179412841797,8392439
2022-04-20,41.097110748291016,3930685
2022-04-21,41.66008377075195,5924886
2022-04-22,41.28477096557617,5369133
2022-04-25,40.53413391113281,8436846
2022-04-26,40.34648132324219,11385979
2022-04-27,39.22052764892578,14945073
2022-04-28,39.595848083496094,5140927
2022-04-29,40.34648132324219,14574087
2022-05-03,40.77363586425781,12716253
2022-05-05,40.385311126708984,6719614
2022-05-06,39.608673095703125,10659374
2022-05-09,38.24955368041992,12880692
2022-05-10,39.608673095703125,11039072
2022-05-11,39.02619171142578,5563943
2022-05-12,37.084590911865234,15969822
2022-05-13,36.50210952758789,13145803
2022-05-17,37.86123275756836,9883159
2022-05-18,39.22035598754883,10326624
2022-05-19,38.44371032714844,8982072
2022-05-20,39.02619171142578,8381428
2022-05-23,39.41450881958008,2902185
2022-05-24,38.83203125,9173494
2022-05-25,39.608673095703125,11871068
2022-05-26,41.356109619140625,21431520
2022-05-27,41.93859100341797,16731033
2022-05-30,42.71523666381836,13783352
2022-05-31,43.10354995727539,14260334
2022-06-01,42.909393310546875,5893426
2022-06-02,42.71523666381836,6407192
2022-06-06,42.52107620239258,9311555
2022-06-07,42.132747650146484,5847809
2022-06-08,42.3269157409668,8073362
2022-06-09,42.132747650146484,4986773
2022-06-10,41.161949157714844,7200105
2022-06-13,39.22035598754883,16161486
2022-06-14,39.22035598754883,5505500
2022-06-15,38.83203125,4812654
2022-06-16,37.66706848144531,15272257
2022-06-17,37.66706848144531,10907908
2022-06-20,37.66706848144531,4114968
2022-06-21,37.86123275756836,3787784
2022-06-22,36.89043426513672,17530238
2022-06-23,38.44371032714844,16165479
2022-06-24,38.83203125,9127393
2022-06-27,39.02619171142578,7222127
2022-06-28,39.22035598754883,6690937
2022-06-29,38.44371032714844,6689122
2022-06-30,37.66706848144531,6845817
2022-07-01,37.66706848144531,3950287
2022-07-04,37.084590911865234,3633751
2022-07-05,35.7254638671875,11149303
2022-07-06,36.69626235961914,7240519
2022-07-07,37.084590911865234,8807590
2022-07-08,36.50210952758789,5798804
2022-07-11,36.69626235961914,4230281
2022-07-12,36.113792419433594,4534596
2022-07-14,36.113792419433594,6301317
2022-07-15,36.307952880859375,6727479
2022-07-18,37.084590911865234,11059763
2022-07-19,37.47290802001953,9723076
2022-07-20,37.66706848144531,7965067
2022-07-21,37.86123275756836,10192556
2022-07-22,38.44371032714844,8020485
2022-07-25,38.637874603271484,4979997
2022-07-26,38.24955368041992,6587240
2022-07-27,38.637874603271484,4626798
2022-08-01,39.80282974243164,12836527
2022-08-02,39.608673095703125,3710102
2022-08-03,39.41450881958008,4489221
2022-08-04,41.356109619140625,22063987
2022-08-05,41.55027389526367,7284563
2022-08-08,41.356109619140625,8675579
2022-08-09,41.356109619140625,7103305
2022-08-10,39.80282974243164,10535228
2022-08-11,39.99699020385742,4805878
2022-08-15,39.80282974243164,5955620
2022-08-16,40.19115447998047,10695190
2022-08-17,40.96778869628906,13950332
2022-08-18,40.77363586425781,5453833
2022-08-19,39.80282974243164,6315232
2022-08-22,38.44371032714844,16636290
2022-08-23,38.83203125,10054253
2022-08-24,38.637874603271484,6731956
2022-08-25,39.41450881958008,6649192
2022-08-26,39.41450881958008,5768433
2022-08-29,38.05539321899414,9874084
2022-08-30,37.47290802001953,10269633
2022-08-31,37.86123275756836,6996220
2022-09-01,37.278751373291016,5779081
2022-09-02,37.47290802001953,6054840
2022-09-05,37.66706848144531,3468102
2022-09-06,37.66706848144531,4855851
2022-09-07,37.47290802001953,4819309
2022-09-08,38.05539321899414,13548612
2022-09-09,37.86123275756836,6666737
2022-09-12,40.19115447998047,24987347
2022-09-13,39.99699020385742,7362729
2022-09-14,39.80282974243164,7411613
2022-09-15,39.41450881958008,5479243
2022-09-16,38.44371032714844,11074888
2022-09-19,38.05539321899414,4214067
2022-09-20,38.05539321899414,6423285
2022-09-21,37.66706848144531,5330534
2022-09-22,38.05539321899414,10664456
2022-09-23,36.50210952758789,19303856
2022-09-26,35.14298629760742,16624190
2022-09-27,34.948829650878906,16701025
2022-09-28,34.560508728027344,22742918
2022-09-29,33.58970642089844,17850767
2022-09-30,33.395545959472656,15386118
2022-10-03,32.03642654418945,14196809
2022-10-04,32.03642654418945,11505164
2022-10-05,32.230587005615234,9705652
2022-10-06,33.395545959472656,22211002
2022-10-07,32.424747467041016,13665014
2022-10-10,31.259784698486328,19931483
2022-10-11,31.065622329711914,11035442
2022-10-12,31.842266082763672,14205642
2022-10-17,30.483144760131836,29168139
2022-10-18,31.453947067260742,16171408
2022-10-19,31.453947067260742,10173922
2022-10-20,31.259784698486328,20046917
2022-10-21,30.288984298706055,16915558
2022-10-25,30.677305221557617,6105781
2022-10-26,30.8714656829834,14304983
2022-10-27,31.842266082763672,17909815
2022-10-28,31.453947067260742,8632019
2022-10-31,31.842266082763672,10718059
2022-11-01,32.424747467041016,6809638
2022-11-02,32.424747467041016,6674239
2022-11-03,32.230587005615234,6251586
2022-11-04,33.007225036621094,18211952
2022-11-07,33.58970642089844,11624954
2022-11-08,33.58970642089844,7071361
2022-11-09,32.424747467041016,17208499
2022-11-10,32.230587005615234,5610407
2022-11-11,33.783870697021484,25150213
2022-11-14,33.978031158447266,6403925
2022-11-15,34.17218780517578,19688636
2022-11-16,33.58970642089844,9728400
2022-11-17,32.424747467041016,20190423
2022-11-18,32.61890411376953,10414833
2022-11-21,33.395545959472656,10836034
2022-11-22,33.58970642089844,11051535
2022-11-23,34.17218780517578,9870817
2022-11-24,34.948829650878906,14954995
2022-11-25,34.948829650878906,5830627
2022-11-28,34.75466537475586,6978070
2022-11-29,35.14298629760742,10580482
2022-11-30,35.14298629760742,8571277
2022-12-01,35.7254638671875,14574450
2022-12-02,36.50210952758789,14638701
2022-12-06,37.084590911865234,16523397
2022-12-07,36.89043426513672,6322855
2022-12-08,37.86123275756836,10857693
2022-12-09,38.637874603271484,14535004
2022-12-13,37.86123275756836,15408503
2022-12-14,38.83203125,14888687
2022-12-15,38.44371032714844,8634439
2022-12-16,38.24955368041992,10683937
2022-12-19,37.47290802001953,3506459
2022-12-20,37.084590911865234,14989843
2022-12-21,36.307952880859375,15739196
2022-12-22,37.084590911865234,11076582
2022-12-23,37.084590911865234,8549376
2022-12-26,36.89043426513672,2533982
2022-12-27,37.66706848144531,5704424
2022-12-28,38.24955368041992,8907899
2022-12-29,38.44371032714844,8377314
2022-12-30,37.86123275756836,17265611
2023-01-03,37.084590911865234,13325488
2023-01-04,36.89043426513672,7736982
2023-01-05,36.50210952758789,14330393
2023-01-06,37.278751373291016,10794894
2023-01-09,40.77363586425781,41561806
2023-01-10,41.161949157714844,10685389
2023-01-11,40.96778869628906,11780560
2023-01-12,41.161949157714844,8771048
2023-01-13,42.71523666381836,36665057
2023-01-16,42.3269157409668,9420576
2023-01-17,43.2977180480957,11033143
2023-01-18,43.10354995727539,9224314
2023-01-19,43.2977180480957,6369319
2023-01-20,40.96778869628906,32575136
2023-01-23,41.74443435668945,12093345
2023-01-24,42.132747650146484,9580901
2023-01-25,41.356109619140625,8787867
2023-01-26,40.96778869628906,6199193
2023-01-27,41.93859100341797,6287039
2023-01-30,42.132747650146484,8537034
2023-01-31,41.356109619140625,7446824
2023-02-01,43.49187469482422,23580843
2023-02-02,44.85099792480469,23399222
2023-02-03,44.85099792480469,10163032
2023-02-06,43.88019561767578,11171204
2023-02-07,43.10354995727539,12105566
2023-02-08,42.71523666381836,12847901
2023-02-09,42.71523666381836,12137631
2023-02-10,43.10354995727539,7787923
2023-02-13,44.268516540527344,12386649
2023-02-14,43.49187469482422,7096650
2023-02-15,40.96778869628906,19115580
2023-02-16,42.3269157409668,9880255
2023-02-17,41.356109619140625,7397335
2023-02-20,43.2977180480957,8022300
2023-02-21,43.49187469482422,6899662
2023-02-22,42.71523666381836,8871599
2023-02-23,43.2977180480957,5453954
2023-02-24,43.68603515625,11479875
2023-02-27,42.3269157409668,11719455
2023-02-28,41.93859100341797,24157529
2023-03-01,42.71523666381836,6771886
2023-03-02,41.161949157714844,39088566
2023-03-03,40.579471588134766,13637305
2023-03-07,41.74443435668945,11655688
2023-03-08,40.96778869628906,12180586
2023-03-09,41.161949157714844,5948481
2023-03-10,40.385311126708984,6345240
2023-03-13,38.83203125,14245451
2023-03-14,37.47290802001953,24672868
2023-03-15,38.24955368041992,14857469
2023-03-16,38.24955368041992,10806268
2023-03-17,39.02619171142578,7783567
2023-03-20,37.86123275756836,10005732
2023-03-21,38.637874603271484,4939825
2023-03-22,39.02619171142578,8171372
2023-03-23,39.99699020385742,11402314
2023-03-24,39.608673095703125,10317065
2023-03-27,39.99699020385742,5202758
2023-03-28,41.356109619140625,8877528
2023-03-29,41.161949157714844,8365940
2023-03-30,40.385311126708984,5068811
2023-03-31,40.96778869628906,3132448
2023-04-03,40.96778869628906,3591159
2023-04-04,41.161949157714844,5840307
2023-04-05,39.608673095703125,8536429
2023-04-07,41.356109619140625,7313240
2023-04-10,43.10354995727539,16242072
2023-04-11,43.49187469482422,7521360
2023-04-12,43.88019561767578,7717138
2023-04-17,44.0743522644043,9032045
2023-04-18,44.268516540527344,5324000
2023-04-19,43.2977180480957,17277227
2023-04-20,43.49187469482422,4987620
2023-04-21,43.10354995727539,9762038
2023-04-24,42.909393310546875,7041958
2023-04-25,42.132747650146484,7973295
2023-04-26,42.52107620239258,6723486
2023-04-27,42.132747650146484,5558498
2023-04-28,43.10354995727539,7893919
2023-05-02,43.745689392089844,7289161
2023-05-03,44.949703216552734,15956028
2023-05-08,46.95638656616211,17066082
2023-05-09,46.95638656616211,8064287
2023-05-10,48.76240158081055,32549000
2023-05-11,47.759063720703125,9381735
2023-05-12,48.561729431152344,14130017
2023-05-15,47.759063720703125,8715993
2023-05-16,45.15037536621094,19262474
2023-05-17,42.14034652709961,27982702
2023-05-18,42.14034652709961,12893518
2023-05-19,41.93967819213867,7474291
2023-05-22,42.54167938232422,15061233
2023-05-23,43.745689392089844,12713470
2023-05-24,43.745689392089844,10730159
2023-05-25,43.545021057128906,8888539
2023-05-26,43.545021057128906,5991194
2023-05-29,43.34435272216797,3227070
2023-05-30,43.545021057128906,8113292
2023-05-31,44.74903869628906,9547021
2023-06-01,44.949703216552734,10717817
2023-06-02,45.35103988647461,6829845
2023-06-06,43.745689392089844,10278829
2023-06-07,43.34435272216797,6776847
2023-06-08,44.54836654663086,7913158
2023-06-09,44.147029876708984,4688145
2023-06-12,43.745689392089844,3193190
2023-06-13,43.94636154174805,5298953
2023-06-14,43.94636154174805,4002438
2023-06-15,40.93634033203125,23477630
2023-06-16,40.73566818237305,13964247
2023-06-19,40.73566818237305,4215761
2023-06-20,40.133670806884766,13798356
2023-06-21,39.732322692871094,8162418
2023-06-22,38.5283203125,17100567
2023-06-23,38.5283203125,6760028
2023-06-26,37.12364196777344,8869542
2023-06-27,37.32430648803711,11579700
2023-06-28,37.725643157958984,7105604
2023-06-29,37.32430648803711,13629803
2023-06-30,37.92631149291992,10743832
2023-07-03,38.72898483276367,8412041
2023-07-04,39.732322692871094,16403486
2023-07-05,39.93299865722656,9357172
2023-07-06,37.92631149291992,12024738
2023-07-07,37.32430648803711,14074720
2023-07-10,37.52497863769531,9370119
2023-07-11,36.922969818115234,9172526
2023-07-12,35.91962814331055,20923925
2023-07-13,36.7223014831543,7129078
2023-07-14,38.126983642578125,10642313
2023-07-17,38.72898483276367,7724640
2023-07-18,38.3276481628418,10995149
2023-07-19,39.330989837646484,11421069
2023-07-20,38.126983642578125,9629664
2023-07-21,38.126983642578125,8213722
2023-07-24,37.52497863769531,9274892
2023-07-25,37.52497863769531,6984967
2023-07-26,37.12364196777344,3877203
2023-07-27,38.929649353027344,14941564
2023-07-31,37.92631149291992,1665323
2023-08-02,36.922969818115234,17404156
2023-08-03,36.922969818115234,14462767
2023-08-04,36.32096862792969,8084131
2023-08-07,36.521636962890625,9852788
2023-08-08,36.12030029296875,8970214
2023-08-09,38.5283203125,17453645
2023-08-10,38.929649353027344,19060162
2023-08-11,38.72898483276367,15685109
2023-08-15,37.92631149291992,8424020
2023-08-16,35.317626953125,23331583
2023-08-17,35.91962814331055,19374399
2023-08-18,36.922969818115234,11316283
2023-08-21,37.725643157958984,7466547
2023-08-22,38.72898483276367,15723950
2023-08-23,38.3276481628418,13125838
2023-08-24,38.72898483276367,15007025
2023-08-25,40.33433532714844,17486920
2023-08-28,39.732322692871094,13852685
2023-08-29,40.535003662109375,11185845
2023-08-30,40.535003662109375,14715415
2023-08-31,40.93634033203125,20232531
2023-09-01,40.133670806884766,18611010
2023-09-04,39.13032531738281,8120310
2023-09-05,40.133670806884766,7827006
2023-09-06,38.72898483276367,17538829
2023-09-07,37.725643157958984,13489080
2023-09-08,38.3276481628418,9186562
2023-09-11,37.725643157958984,8277731
2023-09-12,37.52497863769531,5648764
2023-09-13,36.922969818115234,7249473
2023-09-14,37.32430648803711,5108136
2023-09-15,37.32430648803711,6460553
2023-09-18,36.32096862792969,12884443
2023-09-19,36.12030029296875,7415727
2023-09-20,36.12030029296875,6237066
2023-09-21,36.32096862792969,7080678
2023-09-22,36.521636962890625,16725588
2023-09-25,35.51829528808594,7109113
2023-09-26,34.71561813354492,12394393
2023-09-27,34.91628646850586,7830394
2023-09-28,33.91294479370117,14689400
2023-09-29,34.31428146362305,10610974
2023-10-02,34.514949798583984,7367811
2023-10-03,33.5116081237793,11358149
2023-10-04,34.31428146362305,13351261
2023-10-05,35.51829528808594,9602439
2023-10-06,34.11361312866211,10505583
2023-10-09,33.712276458740234,7270406
2023-10-10,34.91628646850586,9308046
2023-10-11,35.71895980834961,12956801
2023-10-12,35.71895980834961,20200345
2023-10-16,35.317626953125,8065860
2023-10-17,35.1169548034668,6452930
2023-10-18,34.11361312866211,12337039
2023-10-19,33.712276458740234,10601294
2023-10-20,32.70893478393555,15006662
2023-10-24,33.91294479370117,15713423
2023-10-25,34.11361312866211,12531970
2023-10-26,33.31093978881836,7104273
2023-10-27,34.11361312866211,6847874
2023-10-30,34.31428146362305,8726036
2023-10-31,33.31093978881836,9598083
2023-11-01,33.5116081237793,12348171
2023-11-02,35.91962814331055,26089173
2023-11-03,37.12364196777344,18501626
2023-11-06,36.922969818115234,11722117
2023-11-07,36.32096862792969,19729050
2023-11-08,36.922969818115234,12487321
2023-11-09,37.12364196777344,10648363
2023-11-10,36.12030029296875,15113021
2023-11-13,36.12030029296875,12204907
2023-11-14,35.71895980834961,9203018
2023-11-15,37.52497863769531,30970434
2023-11-16,35.1169548034668,42913618
2023-11-17,35.1169548034668,24117720
2023-11-20,35.317626953125,9277070
2023-11-21,35.51829528808594,9325833
2023-11-22,35.317626953125,9144091
2023-11-23,35.71895980834961,9717389
2023-11-24,35.71895980834961,8593420
2023-11-27,35.1169548034668,11493427
2023-11-28,35.51829528808594,6694083
2023-11-29,36.12030029296875,18553172
2023-11-30,35.51829528808594,7953330
2023-12-01,35.51829528808594,4758083
2023-12-04,35.317626953125,4444209
2023-12-06,35.317626953125,8303262
2023-12-07,34.71561813354492,10216877
2023-12-08,34.71561813354492,4041521
2023-12-12,33.712276458740234,10330617
2023-12-13,32.30759811401367,16087918
2023-12-14,34.11361312866211,14202617
2023-12-15,34.31428146362305,10272053
2023-12-18,34.11361312866211,4555408
2023-12-19,33.712276458740234,7026107
2023-12-20,33.91294479370117,9249119
2023-12-21,34.31428146362305,5719670
2023-12-22,34.514949798583984,5544341
2023-12-25,34.71561813354492,6760270
2023-12-26,33.91294479370117,14482006
2023-12-27,32.70893478393555,25837977
2023-12-28,32.508270263671875,12909611
